commento,valutazione,tossicita,tipo_tossicita,age_group,gender,utente_id,comment_cleaned,emoji_set,emoji_count,parole_maiusc,pos_tag,nrc_affect_dict,nrc_raw_scores,nrc_top_emotions,nrc_affect_frequencies,comm_polarita,Kincaid,ARI,Coleman-Liau,FleschReadingEase,GunningFogIndex,LIX,SMOGIndex,RIX,DaleChallIndex,comment_tokenized,comment_tok=2,comment_tok=3,comment_lemmatized,VAD_valence,VAD_arousal,VAD_dominance
????? Moron,Extremely harassing,3,2,1,1,7,moron,set(),0,[],"[('moron', 'NN')]",{'moron': ['negative']},{'negative': 1},"[('negative', 1.0)]","{'fear': 0.0, 'anger': 0.0, 'anticip': 0.0, 'trust': 0.0, 'surprise': 0.0, 'positive': 0.0, 'negative': 1.0, 'sadness': 0.0, 'disgust': 0.0, 'joy': 0.0}",-0.8,8.400000000000002,2.620000000000001,-15.988828999999996,36.62000000000002,0.4,1.0,3.0,0.0,15.8396,['moron'],[],[],['moron'],0.0,0.0,0.0
Like you wouldn't pass up the chance to fuck Shrek.,Extremely harassing,3,2,1,1,7,like would pass chance fuck shrek,set(),0,[],"[('like', 'IN'), ('would', 'MD'), ('pass', 'VB'), ('chance', 'NN'), ('fuck', 'NN'), ('shrek', 'NN')]",{'chance': ['surprise']},{'surprise': 1},"[('surprise', 1.0)]","{'fear': 0.0, 'anger': 0.0, 'anticip': 0.0, 'trust': 0.0, 'surprise': 1.0, 'positive': 0.0, 'negative': 0.0, 'sadness': 0.0, 'disgust': 0.0, 'joy': 0.0}",-0.4,-1.4499999999999993,3.5500000000000007,6.707287333333337,116.145,2.4000000000000004,6.0,3.0,0.0,5.560933333333333,"['like', 'would', 'pass', 'chance', 'fuck', 'shrek']","[('like', 'would'), ('would', 'pass'), ('pass', 'chance'), ('chance', 'fuck'), ('fuck', 'shrek')]","[('like', 'would', 'pass'), ('would', 'pass', 'chance'), ('pass', 'chance', 'fuck'), ('chance', 'fuck', 'shrek')]","['like', 'would', 'pas', 'chance', 'fuck', 'shrek']",0.2775,-0.18,-0.12
"How do you know what the fuck I've achieved you absolute clown. I don't work a labor job. I went to college, I've worked office, white collar jobs since I was 18 years old. I'm simply advocating for better life circumstances for the average person. Maybe its hard for you to understand having empathy for people who have it worse than you.",Extremely harassing,3,2,1,1,13,know fuck achieved absolute clown work labor job went college worked office white collar jobs since years old simply advocating better life circumstances average person maybe hard understand empathy people worse,set(),0,[],"[('know', 'JJ'), ('fuck', 'NN'), ('achieved', 'VBN'), ('absolute', 'JJ'), ('clown', 'JJ'), ('work', 'NN'), ('labor', 'NN'), ('job', 'NN'), ('went', 'VBD'), ('college', 'NN'), ('worked', 'VBN'), ('office', 'NN'), ('white', 'JJ'), ('collar', 'NN'), ('jobs', 'NNS'), ('since', 'IN'), ('years', 'NNS'), ('old', 'JJ'), ('simply', 'RB'), ('advocating', 'VBG'), ('better', 'RBR'), ('life', 'NN'), ('circumstances', 'NNS'), ('average', 'JJ'), ('person', 'NN'), ('maybe', 'RB'), ('hard', 'JJ'), ('understand', 'NN'), ('empathy', 'JJ'), ('people', 'NNS'), ('worse', 'VBP')]","{'absolute': ['positive'], 'clown': ['anticipation', 'joy', 'positive', 'surprise'], 'labor': ['anticipation', 'joy', 'positive', 'surprise', 'trust'], 'job': ['positive'], 'white': ['anticipation', 'joy', 'positive', 'trust'], 'empathy': ['positive'], 'worse': ['fear', 'negative', 'sadness']}","{'positive': 6, 'anticipation': 3, 'joy': 3, 'surprise': 2, 'trust': 2, 'fear': 1, 'negative': 1, 'sadness': 1}","[('positive', 0.3157894736842105)]","{'fear': 0.05263157894736842, 'anger': 0.0, 'anticip': 0.0, 'trust': 0.10526315789473684, 'surprise': 0.10526315789473684, 'positive': 0.3157894736842105, 'negative': 0.05263157894736842, 'sadness': 0.05263157894736842, 'disgust': 0.0, 'joy': 0.15789473684210525, 'anticipation': 0.15789473684210525}",-0.049074074074074,17.435483870967747,21.57032258064516,17.575510548387093,25.273225806451627,21.43225806451613,56.80645161290322,17.491376746189438,8.0,7.649858064516129,"['know', 'fuck', 'achieved', 'absolute', 'clown', 'work', 'labor', 'job', 'went', 'college', 'worked', 'office', 'white', 'collar', 'jobs', 'since', 'years', 'old', 'simply', 'advocating', 'better', 'life', 'circumstances', 'average', 'person', 'maybe', 'hard', 'understand', 'empathy', 'people', 'worse']","[('know', 'fuck'), ('fuck', 'achieved'), ('achieved', 'absolute'), ('absolute', 'clown'), ('clown', 'work'), ('work', 'labor'), ('labor', 'job'), ('job', 'went'), ('went', 'college'), ('college', 'worked'), ('worked', 'office'), ('office', 'white'), ('white', 'collar'), ('collar', 'jobs'), ('jobs', 'since'), ('since', 'years'), ('years', 'old'), ('old', 'simply'), ('simply', 'advocating'), ('advocating', 'better'), ('better', 'life'), ('life', 'circumstances'), ('circumstances', 'average'), ('average', 'person'), ('person', 'maybe'), ('maybe', 'hard'), ('hard', 'understand'), ('understand', 'empathy'), ('empathy', 'people'), ('people', 'worse')]","[('know', 'fuck', 'achieved'), ('fuck', 'achieved', 'absolute'), ('achieved', 'absolute', 'clown'), ('absolute', 'clown', 'work'), ('clown', 'work', 'labor'), ('work', 'labor', 'job'), ('labor', 'job', 'went'), ('job', 'went', 'college'), ('went', 'college', 'worked'), ('college', 'worked', 'office'), ('worked', 'office', 'white'), ('office', 'white', 'collar'), ('white', 'collar', 'jobs'), ('collar', 'jobs', 'since'), ('jobs', 'since', 'years'), ('since', 'years', 'old'), ('years', 'old', 'simply'), ('old', 'simply', 'advocating'), ('simply', 'advocating', 'better'), ('advocating', 'better', 'life'), ('better', 'life', 'circumstances'), ('life', 'circumstances', 'average'), ('circumstances', 'average', 'person'), ('average', 'person', 'maybe'), ('person', 'maybe', 'hard'), ('maybe', 'hard', 'understand'), ('hard', 'understand', 'empathy'), ('understand', 'empathy', 'people'), ('empathy', 'people', 'worse')]","['know', 'fuck', 'achieve', 'absolute', 'clown', 'work', 'labor', 'job', 'go', 'college', 'work', 'office', 'white', 'collar', 'job', 'since', 'year', 'old', 'simply', 'advocate', 'better', 'life', 'circumstance', 'average', 'person', 'maybe', 'hard', 'understand', 'empathy', 'people', 'worse']",0.2213076923076923,-0.0338076923076923,0.1671923076923077
"Bernie isn't a sexist you sociopathic liar. Tell the truth or stop posting in this sub, everyone is sick of your shit.",Extremely harassing,3,2,1,1,13,bernie sexist sociopathic liar tell truth stop posting sub everyone sick shit,set(),0,[],"[('bernie', 'JJ'), ('sexist', 'NN'), ('sociopathic', 'JJ'), ('liar', 'NN'), ('tell', 'NN'), ('truth', 'NN'), ('stop', 'VB'), ('posting', 'VBG'), ('sub', 'JJ'), ('everyone', 'NN'), ('sick', 'JJ'), ('shit', 'NN')]","{'liar': ['disgust', 'negative'], 'truth': ['positive', 'trust'], 'sick': ['disgust', 'negative', 'sadness'], 'shit': ['anger', 'disgust', 'negative']}","{'disgust': 3, 'negative': 3, 'positive': 1, 'trust': 1, 'sadness': 1, 'anger': 1}","[('negative', 0.3), ('disgust', 0.3)]","{'fear': 0.0, 'anger': 0.1, 'anticip': 0.0, 'trust': 0.1, 'surprise': 0.0, 'positive': 0.1, 'negative': 0.3, 'sadness': 0.1, 'disgust': 0.3, 'joy': 0.0}",-0.4571428571428572,10.723333333333333,10.475,14.07276983333334,39.555000000000014,11.466666666666669,37.0,10.745966692414834,3.0,9.806033333333335,"['bernie', 'sexist', 'sociopathic', 'liar', 'tell', 'truth', 'stop', 'posting', 'sub', 'everyone', 'sick', 'shit']","[('bernie', 'sexist'), ('sexist', 'sociopathic'), ('sociopathic', 'liar'), ('liar', 'tell'), ('tell', 'truth'), ('truth', 'stop'), ('stop', 'posting'), ('posting', 'sub'), ('sub', 'everyone'), ('everyone', 'sick'), ('sick', 'shit')]","[('bernie', 'sexist', 'sociopathic'), ('sexist', 'sociopathic', 'liar'), ('sociopathic', 'liar', 'tell'), ('liar', 'tell', 'truth'), ('tell', 'truth', 'stop'), ('truth', 'stop', 'posting'), ('stop', 'posting', 'sub'), ('posting', 'sub', 'everyone'), ('sub', 'everyone', 'sick'), ('everyone', 'sick', 'shit')]","['bernie', 'sexist', 'sociopathic', 'liar', 'tell', 'truth', 'stop', 'post', 'sub', 'everyone', 'sick', 'shit']",-0.3374,0.0702,-0.0844999999999999
"Stupid Palestinians, why don’t they go back to... *checks notes*... oh",Extremely harassing,3,2,1,1,13,stupid palestinians go back checks notes oh,set(),0,[],"[('stupid', 'JJ'), ('palestinians', 'NNS'), ('go', 'VBP'), ('back', 'RB'), ('checks', 'NNS'), ('notes', 'NNS'), ('oh', 'VBP')]",{'stupid': ['negative']},{'negative': 1},"[('negative', 1.0)]","{'fear': 0.0, 'anger': 0.0, 'anticip': 0.0, 'trust': 0.0, 'surprise': 0.0, 'positive': 0.0, 'negative': 1.0, 'sadness': 0.0, 'disgust': 0.0, 'joy': 0.0}",-0.3999999999999999,9.054285714285715,6.965714285714284,11.051654142857146,42.61571428571431,8.514285714285714,21.285714285714285,8.477225575051662,1.0,9.370057142857144,"['stupid', 'palestinians', 'go', 'back', 'checks', 'notes', 'oh']","[('stupid', 'palestinians'), ('palestinians', 'go'), ('go', 'back'), ('back', 'checks'), ('checks', 'notes'), ('notes', 'oh')]","[('stupid', 'palestinians', 'go'), ('palestinians', 'go', 'back'), ('go', 'back', 'checks'), ('back', 'checks', 'notes'), ('checks', 'notes', 'oh')]","['stupid', 'palestinian', 'go', 'back', 'check', 'note', 'oh']",-0.3886666666666666,-0.1053333333333333,-0.282
And you slit it's throat when the animals live do fuck off,Extremely harassing,3,2,1,1,17,slit throat animals live fuck,set(),0,[],"[('slit', 'NN'), ('throat', 'NN'), ('animals', 'NNS'), ('live', 'VBP'), ('fuck', 'NN')]",{},{},"[('fear', 0.0), ('anger', 0.0), ('anticip', 0.0), ('trust', 0.0), ('surprise', 0.0), ('positive', 0.0), ('negative', 0.0), ('sadness', 0.0), ('disgust', 0.0), ('joy', 0.0)]","{'fear': 0.0, 'anger': 0.0, 'anticip': 0.0, 'trust': 0.0, 'surprise': 0.0, 'positive': 0.0, 'negative': 0.0, 'sadness': 0.0, 'disgust': 0.0, 'joy': 0.0}",-0.1318181818181818,2.879999999999999,4.620000000000001,7.680995000000003,83.32000000000002,10.0,25.0,8.477225575051662,1.0,6.564000000000001,"['slit', 'throat', 'animals', 'live', 'fuck']","[('slit', 'throat'), ('throat', 'animals'), ('animals', 'live'), ('live', 'fuck')]","[('slit', 'throat', 'animals'), ('throat', 'animals', 'live'), ('animals', 'live', 'fuck')]","['slit', 'throat', 'animal', 'live', 'fuck']",0.0906666666666666,0.1339999999999999,-0.0746666666666667
"Go live in the woods then, don’t try to push your angsty teenage bullshit on the rest of the world",Extremely harassing,3,2,1,1,17,go live woods try push angsty teenage bullshit rest world,set(),0,[],"[('go', 'VB'), ('live', 'JJ'), ('woods', 'NNS'), ('try', 'VBP'), ('push', 'NN'), ('angsty', 'JJ'), ('teenage', 'NN'), ('bullshit', 'VBD'), ('rest', 'JJ'), ('world', 'NN')]",{'rest': ['positive']},{'positive': 1},"[('positive', 1.0)]","{'fear': 0.0, 'anger': 0.0, 'anticip': 0.0, 'trust': 0.0, 'surprise': 0.0, 'positive': 1.0, 'negative': 0.0, 'sadness': 0.0, 'disgust': 0.0, 'joy': 0.0}",0.0681818181818181,3.650000000000002,6.178000000000001,9.463752799999998,86.70500000000001,4.0,30.0,3.0,2.0,5.2330000000000005,"['go', 'live', 'woods', 'try', 'push', 'angsty', 'teenage', 'bullshit', 'rest', 'world']","[('go', 'live'), ('live', 'woods'), ('woods', 'try'), ('try', 'push'), ('push', 'angsty'), ('angsty', 'teenage'), ('teenage', 'bullshit'), ('bullshit', 'rest'), ('rest', 'world')]","[('go', 'live', 'woods'), ('live', 'woods', 'try'), ('woods', 'try', 'push'), ('try', 'push', 'angsty'), ('push', 'angsty', 'teenage'), ('angsty', 'teenage', 'bullshit'), ('teenage', 'bullshit', 'rest'), ('bullshit', 'rest', 'world')]","['go', 'live', 'wood', 'try', 'push', 'angsty', 'teenage', 'bullshit', 'rest', 'world']",0.144,-0.05525,-0.05075
Give me Aloy over those weird ass anime chicks with the balloon tits any day,Extremely harassing,3,2,1,1,17,give aloy weird ass anime chicks balloon tits day,set(),0,[],"[('give', 'VB'), ('aloy', 'JJ'), ('weird', 'JJ'), ('ass', 'NN'), ('anime', 'NN'), ('chicks', 'NNS'), ('balloon', 'VBP'), ('tits', 'NNS'), ('day', 'NN')]","{'weird': ['disgust', 'negative'], 'ass': ['negative']}","{'disgust': 1, 'negative': 2}","[('negative', 0.6666666666666666)]","{'fear': 0.0, 'anger': 0.0, 'anticip': 0.0, 'trust': 0.0, 'surprise': 0.0, 'positive': 0.0, 'negative': 0.6666666666666666, 'sadness': 0.0, 'disgust': 0.3333333333333333, 'joy': 0.0}",-0.5,3.653333333333336,4.526666666666667,7.697708333333335,84.90000000000002,3.6,20.11111111111111,3.0,1.0,10.973066666666666,"['give', 'aloy', 'weird', 'ass', 'anime', 'chicks', 'balloon', 'tits', 'day']","[('give', 'aloy'), ('aloy', 'weird'), ('weird', 'ass'), ('ass', 'anime'), ('anime', 'chicks'), ('chicks', 'balloon'), ('balloon', 'tits'), ('tits', 'day')]","[('give', 'aloy', 'weird'), ('aloy', 'weird', 'ass'), ('weird', 'ass', 'anime'), ('ass', 'anime', 'chicks'), ('anime', 'chicks', 'balloon'), ('chicks', 'balloon', 'tits'), ('balloon', 'tits', 'day')]","['give', 'aloy', 'weird', 'as', 'anime', 'chick', 'balloon', 'tit', 'day']",0.2128,-0.0734,-0.2575999999999999
"&gt; the problem is mostly due to the black community, they commit crimes like it's their job

Huh, maybe generational slavery and segregation and racism makes people far more likely to be poor, and maybe poor people commit more crimes. It's almost like black people are humans like everyone else.

&gt;I'm all for more and better training for cops, but until the black community gets the message that they're the biggest part of their own problems then nothing will get better.

People like you have been screaming this for generations, ignoring the blatant racism and discrimination suffered by black people. The horse is dead. Stop beating it.

&gt;The left doesn't believe in truth, they think that it's an invention and that it can be reinvented

You're the one denying *blatant reality* buddy. You live in an echochamber. You're arrogantly ignorant. Pull your head out of your ass and stop thinking you understand jack fucking shit.",Extremely harassing,3,2,1,1,17,problem mostly due black community commit crimes like job huh maybe generational slavery segregation racism makes people far likely poor maybe poor people commit crimes almost like black people humans like everyone else better training cops black community gets message biggest part problems nothing get better people like screaming generations ignoring blatant racism discrimination suffered black people horse dead stop beating left believe truth think invention reinvented one denying blatant reality buddy live echochamber arrogantly ignorant pull head ass stop thinking understand jack fucking shit,set(),0,[],"[('problem', 'NN'), ('mostly', 'RB'), ('due', 'JJ'), ('black', 'JJ'), ('community', 'NN'), ('commit', 'VBP'), ('crimes', 'NNS'), ('like', 'IN'), ('job', 'NN'), ('huh', 'NNS'), ('maybe', 'RB'), ('generational', 'JJ'), ('slavery', 'NN'), ('segregation', 'NN'), ('racism', 'NN'), ('makes', 'VBZ'), ('people', 'NNS'), ('far', 'RB'), ('likely', 'JJ'), ('poor', 'JJ'), ('maybe', 'RB'), ('poor', 'JJ'), ('people', 'NNS'), ('commit', 'VBP'), ('crimes', 'NNS'), ('almost', 'RB'), ('like', 'IN'), ('black', 'JJ'), ('people', 'NNS'), ('humans', 'NNS'), ('like', 'IN'), ('everyone', 'NN'), ('else', 'RB'), ('better', 'RBR'), ('training', 'VBG'), ('cops', 'JJ'), ('black', 'JJ'), ('community', 'NN'), ('gets', 'VBZ'), ('message', 'JJ'), ('biggest', 'JJS'), ('part', 'NN'), ('problems', 'NNS'), ('nothing', 'NN'), ('get', 'VB'), ('better', 'JJR'), ('people', 'NNS'), ('like', 'IN'), ('screaming', 'VBG'), ('generations', 'NNS'), ('ignoring', 'VBG'), ('blatant', 'JJ'), ('racism', 'NN'), ('discrimination', 'NN'), ('suffered', 'VBD'), ('black', 'JJ'), ('people', 'NNS'), ('horse', 'VBP'), ('dead', 'JJ'), ('stop', 'NN'), ('beating', 'NN'), ('left', 'VBD'), ('believe', 'VBP'), ('truth', 'NN'), ('think', 'VBP'), ('invention', 'NN'), ('reinvented', 'VBD'), ('one', 'CD'), ('denying', 'NN'), ('blatant', 'NN'), ('reality', 'NN'), ('buddy', 'VBP'), ('live', 'JJ'), ('echochamber', 'NN'), ('arrogantly', 'RB'), ('ignorant', 'JJ'), ('pull', 'JJ'), ('head', 'NN'), ('ass', 'NN'), ('stop', 'NN'), ('thinking', 'NN'), ('understand', 'JJ'), ('jack', 'NN'), ('fucking', 'NN'), ('shit', 'NN')]","{'problem': ['fear', 'negative', 'sadness'], 'black': ['negative', 'sadness'], 'community': ['positive'], 'job': ['positive'], 'slavery': ['anger', 'disgust', 'fear', 'negative', 'sadness'], 'screaming': ['anger', 'disgust', 'fear', 'negative'], 'blatant': ['anger', 'disgust', 'negative'], 'discrimination': ['anger', 'disgust', 'fear', 'negative', 'sadness'], 'horse': ['trust'], 'beating': ['anger', 'fear', 'negative', 'sadness'], 'truth': ['positive', 'trust'], 'denying': ['anticipation', 'negative'], 'buddy': ['anticipation', 'joy', 'positive', 'trust'], 'ignorant': ['disgust', 'negative'], 'pull': ['positive'], 'ass': ['negative'], 'shit': ['anger', 'disgust', 'negative']}","{'fear': 5, 'negative': 15, 'sadness': 8, 'positive': 6, 'anger': 7, 'disgust': 7, 'trust': 3, 'anticipation': 2, 'joy': 1}","[('negative', 0.2777777777777778)]","{'fear': 0.09259259259259259, 'anger': 0.12962962962962962, 'anticip': 0.0, 'trust': 0.05555555555555555, 'surprise': 0.0, 'positive': 0.1111111111111111, 'negative': 0.2777777777777778, 'sadness': 0.14814814814814814, 'disgust': 0.12962962962962962, 'joy': 0.018518518518518517, 'anticipation': 0.037037037037037035}",-0.10325311942959,39.63294117647058,49.82870588235294,19.75278881176471,-37.691764705882335,42.94117647058824,121.47058823529412,26.87467277262665,31.0,11.646588235294118,"['problem', 'mostly', 'due', 'black', 'community', 'commit', 'crimes', 'like', 'job', 'huh', 'maybe', 'generational', 'slavery', 'segregation', 'racism', 'makes', 'people', 'far', 'likely', 'poor', 'maybe', 'poor', 'people', 'commit', 'crimes', 'almost', 'like', 'black', 'people', 'humans', 'like', 'everyone', 'else', 'better', 'training', 'cops', 'black', 'community', 'gets', 'message', 'biggest', 'part', 'problems', 'nothing', 'get', 'better', 'people', 'like', 'screaming', 'generations', 'ignoring', 'blatant', 'racism', 'discrimination', 'suffered', 'black', 'people', 'horse', 'dead', 'stop', 'beating', 'left', 'believe', 'truth', 'think', 'invention', 'reinvented', 'one', 'denying', 'blatant', 'reality', 'buddy', 'live', 'echochamber', 'arrogantly', 'ignorant', 'pull', 'head', 'ass', 'stop', 'thinking', 'understand', 'jack', 'fucking', 'shit']","[('problem', 'mostly'), ('mostly', 'due'), ('due', 'black'), ('black', 'community'), ('community', 'commit'), ('commit', 'crimes'), ('crimes', 'like'), ('like', 'job'), ('job', 'huh'), ('huh', 'maybe'), ('maybe', 'generational'), ('generational', 'slavery'), ('slavery', 'segregation'), ('segregation', 'racism'), ('racism', 'makes'), ('makes', 'people'), ('people', 'far'), ('far', 'likely'), ('likely', 'poor'), ('poor', 'maybe'), ('maybe', 'poor'), ('poor', 'people'), ('people', 'commit'), ('commit', 'crimes'), ('crimes', 'almost'), ('almost', 'like'), ('like', 'black'), ('black', 'people'), ('people', 'humans'), ('humans', 'like'), ('like', 'everyone'), ('everyone', 'else'), ('else', 'better'), ('better', 'training'), ('training', 'cops'), ('cops', 'black'), ('black', 'community'), ('community', 'gets'), ('gets', 'message'), ('message', 'biggest'), ('biggest', 'part'), ('part', 'problems'), ('problems', 'nothing'), ('nothing', 'get'), ('get', 'better'), ('better', 'people'), ('people', 'like'), ('like', 'screaming'), ('screaming', 'generations'), ('generations', 'ignoring'), ('ignoring', 'blatant'), ('blatant', 'racism'), ('racism', 'discrimination'), ('discrimination', 'suffered'), ('suffered', 'black'), ('black', 'people'), ('people', 'horse'), ('horse', 'dead'), ('dead', 'stop'), ('stop', 'beating'), ('beating', 'left'), ('left', 'believe'), ('believe', 'truth'), ('truth', 'think'), ('think', 'invention'), ('invention', 'reinvented'), ('reinvented', 'one'), ('one', 'denying'), ('denying', 'blatant'), ('blatant', 'reality'), ('reality', 'buddy'), ('buddy', 'live'), ('live', 'echochamber'), ('echochamber', 'arrogantly'), ('arrogantly', 'ignorant'), ('ignorant', 'pull'), ('pull', 'head'), ('head', 'ass'), ('ass', 'stop'), ('stop', 'thinking'), ('thinking', 'understand'), ('understand', 'jack'), ('jack', 'fucking'), ('fucking', 'shit')]","[('problem', 'mostly', 'due'), ('mostly', 'due', 'black'), ('due', 'black', 'community'), ('black', 'community', 'commit'), ('community', 'commit', 'crimes'), ('commit', 'crimes', 'like'), ('crimes', 'like', 'job'), ('like', 'job', 'huh'), ('job', 'huh', 'maybe'), ('huh', 'maybe', 'generational'), ('maybe', 'generational', 'slavery'), ('generational', 'slavery', 'segregation'), ('slavery', 'segregation', 'racism'), ('segregation', 'racism', 'makes'), ('racism', 'makes', 'people'), ('makes', 'people', 'far'), ('people', 'far', 'likely'), ('far', 'likely', 'poor'), ('likely', 'poor', 'maybe'), ('poor', 'maybe', 'poor'), ('maybe', 'poor', 'people'), ('poor', 'people', 'commit'), ('people', 'commit', 'crimes'), ('commit', 'crimes', 'almost'), ('crimes', 'almost', 'like'), ('almost', 'like', 'black'), ('like', 'black', 'people'), ('black', 'people', 'humans'), ('people', 'humans', 'like'), ('humans', 'like', 'everyone'), ('like', 'everyone', 'else'), ('everyone', 'else', 'better'), ('else', 'better', 'training'), ('better', 'training', 'cops'), ('training', 'cops', 'black'), ('cops', 'black', 'community'), ('black', 'community', 'gets'), ('community', 'gets', 'message'), ('gets', 'message', 'biggest'), ('message', 'biggest', 'part'), ('biggest', 'part', 'problems'), ('part', 'problems', 'nothing'), ('problems', 'nothing', 'get'), ('nothing', 'get', 'better'), ('get', 'better', 'people'), ('better', 'people', 'like'), ('people', 'like', 'screaming'), ('like', 'screaming', 'generations'), ('screaming', 'generations', 'ignoring'), ('generations', 'ignoring', 'blatant'), ('ignoring', 'blatant', 'racism'), ('blatant', 'racism', 'discrimination'), ('racism', 'discrimination', 'suffered'), ('discrimination', 'suffered', 'black'), ('suffered', 'black', 'people'), ('black', 'people', 'horse'), ('people', 'horse', 'dead'), ('horse', 'dead', 'stop'), ('dead', 'stop', 'beating'), ('stop', 'beating', 'left'), ('beating', 'left', 'believe'), ('left', 'believe', 'truth'), ('believe', 'truth', 'think'), ('truth', 'think', 'invention'), ('think', 'invention', 'reinvented'), ('invention', 'reinvented', 'one'), ('reinvented', 'one', 'denying'), ('one', 'denying', 'blatant'), ('denying', 'blatant', 'reality'), ('blatant', 'reality', 'buddy'), ('reality', 'buddy', 'live'), ('buddy', 'live', 'echochamber'), ('live', 'echochamber', 'arrogantly'), ('echochamber', 'arrogantly', 'ignorant'), ('arrogantly', 'ignorant', 'pull'), ('ignorant', 'pull', 'head'), ('pull', 'head', 'ass'), ('head', 'ass', 'stop'), ('ass', 'stop', 'thinking'), ('stop', 'thinking', 'understand'), ('thinking', 'understand', 'jack'), ('understand', 'jack', 'fucking'), ('jack', 'fucking', 'shit')]","['problem', 'mostly', 'due', 'black', 'community', 'commit', 'crime', 'like', 'job', 'huh', 'maybe', 'generational', 'slavery', 'segregation', 'racism', 'make', 'people', 'far', 'likely', 'poor', 'maybe', 'poor', 'people', 'commit', 'crime', 'almost', 'like', 'black', 'people', 'human', 'like', 'everyone', 'else', 'better', 'train', 'cop', 'black', 'community', 'get', 'message', 'biggest', 'part', 'problem', 'nothing', 'get', 'better', 'people', 'like', 'scream', 'generation', 'ignore', 'blatant', 'racism', 'discrimination', 'suffer', 'black', 'people', 'horse', 'dead', 'stop', 'beat', 'leave', 'believe', 'truth', 'think', 'invention', 'reinvent', 'one', 'deny', 'blatant', 'reality', 'buddy', 'live', 'echochamber', 'arrogantly', 'ignorant', 'pull', 'head', 'as', 'stop', 'think', 'understand', 'jack', 'fuck', 'shit']",-0.0763859649122807,-0.0024210526315789,0.0078947368421052
"&gt; the problem is mostly due to the black community, they commit crimes like it's their job

Huh, maybe generational slavery and segregation and racism makes people far more likely to be poor, and maybe poor people commit more crimes. It's almost like black people are humans like everyone else.

&gt;I'm all for more and better training for cops, but until the black community gets the message that they're the biggest part of their own problems then nothing will get better.

People like you have been screaming this for generations, ignoring the blatant racism and discrimination suffered by black people. The horse is dead. Stop beating it.

&gt;The left doesn't believe in truth, they think that it's an invention and that it can be reinvented

You're the one denying *blatant reality* buddy. You live in an echochamber. You're arrogantly ignorant. Pull your head out of your ass and stop thinking you understand jack fucking shit.",Extremely harassing,3,2,3,1,23,problem mostly due black community commit crimes like job huh maybe generational slavery segregation racism makes people far likely poor maybe poor people commit crimes almost like black people humans like everyone else better training cops black community gets message biggest part problems nothing get better people like screaming generations ignoring blatant racism discrimination suffered black people horse dead stop beating left believe truth think invention reinvented one denying blatant reality buddy live echochamber arrogantly ignorant pull head ass stop thinking understand jack fucking shit,set(),0,[],"[('problem', 'NN'), ('mostly', 'RB'), ('due', 'JJ'), ('black', 'JJ'), ('community', 'NN'), ('commit', 'VBP'), ('crimes', 'NNS'), ('like', 'IN'), ('job', 'NN'), ('huh', 'NNS'), ('maybe', 'RB'), ('generational', 'JJ'), ('slavery', 'NN'), ('segregation', 'NN'), ('racism', 'NN'), ('makes', 'VBZ'), ('people', 'NNS'), ('far', 'RB'), ('likely', 'JJ'), ('poor', 'JJ'), ('maybe', 'RB'), ('poor', 'JJ'), ('people', 'NNS'), ('commit', 'VBP'), ('crimes', 'NNS'), ('almost', 'RB'), ('like', 'IN'), ('black', 'JJ'), ('people', 'NNS'), ('humans', 'NNS'), ('like', 'IN'), ('everyone', 'NN'), ('else', 'RB'), ('better', 'RBR'), ('training', 'VBG'), ('cops', 'JJ'), ('black', 'JJ'), ('community', 'NN'), ('gets', 'VBZ'), ('message', 'JJ'), ('biggest', 'JJS'), ('part', 'NN'), ('problems', 'NNS'), ('nothing', 'NN'), ('get', 'VB'), ('better', 'JJR'), ('people', 'NNS'), ('like', 'IN'), ('screaming', 'VBG'), ('generations', 'NNS'), ('ignoring', 'VBG'), ('blatant', 'JJ'), ('racism', 'NN'), ('discrimination', 'NN'), ('suffered', 'VBD'), ('black', 'JJ'), ('people', 'NNS'), ('horse', 'VBP'), ('dead', 'JJ'), ('stop', 'NN'), ('beating', 'NN'), ('left', 'VBD'), ('believe', 'VBP'), ('truth', 'NN'), ('think', 'VBP'), ('invention', 'NN'), ('reinvented', 'VBD'), ('one', 'CD'), ('denying', 'NN'), ('blatant', 'NN'), ('reality', 'NN'), ('buddy', 'VBP'), ('live', 'JJ'), ('echochamber', 'NN'), ('arrogantly', 'RB'), ('ignorant', 'JJ'), ('pull', 'JJ'), ('head', 'NN'), ('ass', 'NN'), ('stop', 'NN'), ('thinking', 'NN'), ('understand', 'JJ'), ('jack', 'NN'), ('fucking', 'NN'), ('shit', 'NN')]","{'problem': ['fear', 'negative', 'sadness'], 'black': ['negative', 'sadness'], 'community': ['positive'], 'job': ['positive'], 'slavery': ['anger', 'disgust', 'fear', 'negative', 'sadness'], 'screaming': ['anger', 'disgust', 'fear', 'negative'], 'blatant': ['anger', 'disgust', 'negative'], 'discrimination': ['anger', 'disgust', 'fear', 'negative', 'sadness'], 'horse': ['trust'], 'beating': ['anger', 'fear', 'negative', 'sadness'], 'truth': ['positive', 'trust'], 'denying': ['anticipation', 'negative'], 'buddy': ['anticipation', 'joy', 'positive', 'trust'], 'ignorant': ['disgust', 'negative'], 'pull': ['positive'], 'ass': ['negative'], 'shit': ['anger', 'disgust', 'negative']}","{'fear': 5, 'negative': 15, 'sadness': 8, 'positive': 6, 'anger': 7, 'disgust': 7, 'trust': 3, 'anticipation': 2, 'joy': 1}","[('negative', 0.2777777777777778)]","{'fear': 0.09259259259259259, 'anger': 0.12962962962962962, 'anticip': 0.0, 'trust': 0.05555555555555555, 'surprise': 0.0, 'positive': 0.1111111111111111, 'negative': 0.2777777777777778, 'sadness': 0.14814814814814814, 'disgust': 0.12962962962962962, 'joy': 0.018518518518518517, 'anticipation': 0.037037037037037035}",-0.10325311942959,39.63294117647058,49.82870588235294,19.75278881176471,-37.691764705882335,42.94117647058824,121.47058823529412,26.87467277262665,31.0,11.646588235294118,"['problem', 'mostly', 'due', 'black', 'community', 'commit', 'crimes', 'like', 'job', 'huh', 'maybe', 'generational', 'slavery', 'segregation', 'racism', 'makes', 'people', 'far', 'likely', 'poor', 'maybe', 'poor', 'people', 'commit', 'crimes', 'almost', 'like', 'black', 'people', 'humans', 'like', 'everyone', 'else', 'better', 'training', 'cops', 'black', 'community', 'gets', 'message', 'biggest', 'part', 'problems', 'nothing', 'get', 'better', 'people', 'like', 'screaming', 'generations', 'ignoring', 'blatant', 'racism', 'discrimination', 'suffered', 'black', 'people', 'horse', 'dead', 'stop', 'beating', 'left', 'believe', 'truth', 'think', 'invention', 'reinvented', 'one', 'denying', 'blatant', 'reality', 'buddy', 'live', 'echochamber', 'arrogantly', 'ignorant', 'pull', 'head', 'ass', 'stop', 'thinking', 'understand', 'jack', 'fucking', 'shit']","[('problem', 'mostly'), ('mostly', 'due'), ('due', 'black'), ('black', 'community'), ('community', 'commit'), ('commit', 'crimes'), ('crimes', 'like'), ('like', 'job'), ('job', 'huh'), ('huh', 'maybe'), ('maybe', 'generational'), ('generational', 'slavery'), ('slavery', 'segregation'), ('segregation', 'racism'), ('racism', 'makes'), ('makes', 'people'), ('people', 'far'), ('far', 'likely'), ('likely', 'poor'), ('poor', 'maybe'), ('maybe', 'poor'), ('poor', 'people'), ('people', 'commit'), ('commit', 'crimes'), ('crimes', 'almost'), ('almost', 'like'), ('like', 'black'), ('black', 'people'), ('people', 'humans'), ('humans', 'like'), ('like', 'everyone'), ('everyone', 'else'), ('else', 'better'), ('better', 'training'), ('training', 'cops'), ('cops', 'black'), ('black', 'community'), ('community', 'gets'), ('gets', 'message'), ('message', 'biggest'), ('biggest', 'part'), ('part', 'problems'), ('problems', 'nothing'), ('nothing', 'get'), ('get', 'better'), ('better', 'people'), ('people', 'like'), ('like', 'screaming'), ('screaming', 'generations'), ('generations', 'ignoring'), ('ignoring', 'blatant'), ('blatant', 'racism'), ('racism', 'discrimination'), ('discrimination', 'suffered'), ('suffered', 'black'), ('black', 'people'), ('people', 'horse'), ('horse', 'dead'), ('dead', 'stop'), ('stop', 'beating'), ('beating', 'left'), ('left', 'believe'), ('believe', 'truth'), ('truth', 'think'), ('think', 'invention'), ('invention', 'reinvented'), ('reinvented', 'one'), ('one', 'denying'), ('denying', 'blatant'), ('blatant', 'reality'), ('reality', 'buddy'), ('buddy', 'live'), ('live', 'echochamber'), ('echochamber', 'arrogantly'), ('arrogantly', 'ignorant'), ('ignorant', 'pull'), ('pull', 'head'), ('head', 'ass'), ('ass', 'stop'), ('stop', 'thinking'), ('thinking', 'understand'), ('understand', 'jack'), ('jack', 'fucking'), ('fucking', 'shit')]","[('problem', 'mostly', 'due'), ('mostly', 'due', 'black'), ('due', 'black', 'community'), ('black', 'community', 'commit'), ('community', 'commit', 'crimes'), ('commit', 'crimes', 'like'), ('crimes', 'like', 'job'), ('like', 'job', 'huh'), ('job', 'huh', 'maybe'), ('huh', 'maybe', 'generational'), ('maybe', 'generational', 'slavery'), ('generational', 'slavery', 'segregation'), ('slavery', 'segregation', 'racism'), ('segregation', 'racism', 'makes'), ('racism', 'makes', 'people'), ('makes', 'people', 'far'), ('people', 'far', 'likely'), ('far', 'likely', 'poor'), ('likely', 'poor', 'maybe'), ('poor', 'maybe', 'poor'), ('maybe', 'poor', 'people'), ('poor', 'people', 'commit'), ('people', 'commit', 'crimes'), ('commit', 'crimes', 'almost'), ('crimes', 'almost', 'like'), ('almost', 'like', 'black'), ('like', 'black', 'people'), ('black', 'people', 'humans'), ('people', 'humans', 'like'), ('humans', 'like', 'everyone'), ('like', 'everyone', 'else'), ('everyone', 'else', 'better'), ('else', 'better', 'training'), ('better', 'training', 'cops'), ('training', 'cops', 'black'), ('cops', 'black', 'community'), ('black', 'community', 'gets'), ('community', 'gets', 'message'), ('gets', 'message', 'biggest'), ('message', 'biggest', 'part'), ('biggest', 'part', 'problems'), ('part', 'problems', 'nothing'), ('problems', 'nothing', 'get'), ('nothing', 'get', 'better'), ('get', 'better', 'people'), ('better', 'people', 'like'), ('people', 'like', 'screaming'), ('like', 'screaming', 'generations'), ('screaming', 'generations', 'ignoring'), ('generations', 'ignoring', 'blatant'), ('ignoring', 'blatant', 'racism'), ('blatant', 'racism', 'discrimination'), ('racism', 'discrimination', 'suffered'), ('discrimination', 'suffered', 'black'), ('suffered', 'black', 'people'), ('black', 'people', 'horse'), ('people', 'horse', 'dead'), ('horse', 'dead', 'stop'), ('dead', 'stop', 'beating'), ('stop', 'beating', 'left'), ('beating', 'left', 'believe'), ('left', 'believe', 'truth'), ('believe', 'truth', 'think'), ('truth', 'think', 'invention'), ('think', 'invention', 'reinvented'), ('invention', 'reinvented', 'one'), ('reinvented', 'one', 'denying'), ('one', 'denying', 'blatant'), ('denying', 'blatant', 'reality'), ('blatant', 'reality', 'buddy'), ('reality', 'buddy', 'live'), ('buddy', 'live', 'echochamber'), ('live', 'echochamber', 'arrogantly'), ('echochamber', 'arrogantly', 'ignorant'), ('arrogantly', 'ignorant', 'pull'), ('ignorant', 'pull', 'head'), ('pull', 'head', 'ass'), ('head', 'ass', 'stop'), ('ass', 'stop', 'thinking'), ('stop', 'thinking', 'understand'), ('thinking', 'understand', 'jack'), ('understand', 'jack', 'fucking'), ('jack', 'fucking', 'shit')]","['problem', 'mostly', 'due', 'black', 'community', 'commit', 'crime', 'like', 'job', 'huh', 'maybe', 'generational', 'slavery', 'segregation', 'racism', 'make', 'people', 'far', 'likely', 'poor', 'maybe', 'poor', 'people', 'commit', 'crime', 'almost', 'like', 'black', 'people', 'human', 'like', 'everyone', 'else', 'better', 'train', 'cop', 'black', 'community', 'get', 'message', 'biggest', 'part', 'problem', 'nothing', 'get', 'better', 'people', 'like', 'scream', 'generation', 'ignore', 'blatant', 'racism', 'discrimination', 'suffer', 'black', 'people', 'horse', 'dead', 'stop', 'beat', 'leave', 'believe', 'truth', 'think', 'invention', 'reinvent', 'one', 'deny', 'blatant', 'reality', 'buddy', 'live', 'echochamber', 'arrogantly', 'ignorant', 'pull', 'head', 'as', 'stop', 'think', 'understand', 'jack', 'fuck', 'shit']",-0.0763859649122807,-0.0024210526315789,0.0078947368421052
"How do you know what the fuck I've achieved you absolute clown. I don't work a labor job. I went to college, I've worked office, white collar jobs since I was 18 years old. I'm simply advocating for better life circumstances for the average person. Maybe its hard for you to understand having empathy for people who have it worse than you.",Extremely harassing,3,2,1,0,40,know fuck achieved absolute clown work labor job went college worked office white collar jobs since years old simply advocating better life circumstances average person maybe hard understand empathy people worse,set(),0,[],"[('know', 'JJ'), ('fuck', 'NN'), ('achieved', 'VBN'), ('absolute', 'JJ'), ('clown', 'JJ'), ('work', 'NN'), ('labor', 'NN'), ('job', 'NN'), ('went', 'VBD'), ('college', 'NN'), ('worked', 'VBN'), ('office', 'NN'), ('white', 'JJ'), ('collar', 'NN'), ('jobs', 'NNS'), ('since', 'IN'), ('years', 'NNS'), ('old', 'JJ'), ('simply', 'RB'), ('advocating', 'VBG'), ('better', 'RBR'), ('life', 'NN'), ('circumstances', 'NNS'), ('average', 'JJ'), ('person', 'NN'), ('maybe', 'RB'), ('hard', 'JJ'), ('understand', 'NN'), ('empathy', 'JJ'), ('people', 'NNS'), ('worse', 'VBP')]","{'absolute': ['positive'], 'clown': ['anticipation', 'joy', 'positive', 'surprise'], 'labor': ['anticipation', 'joy', 'positive', 'surprise', 'trust'], 'job': ['positive'], 'white': ['anticipation', 'joy', 'positive', 'trust'], 'empathy': ['positive'], 'worse': ['fear', 'negative', 'sadness']}","{'positive': 6, 'anticipation': 3, 'joy': 3, 'surprise': 2, 'trust': 2, 'fear': 1, 'negative': 1, 'sadness': 1}","[('positive', 0.3157894736842105)]","{'fear': 0.05263157894736842, 'anger': 0.0, 'anticip': 0.0, 'trust': 0.10526315789473684, 'surprise': 0.10526315789473684, 'positive': 0.3157894736842105, 'negative': 0.05263157894736842, 'sadness': 0.05263157894736842, 'disgust': 0.0, 'joy': 0.15789473684210525, 'anticipation': 0.15789473684210525}",-0.049074074074074,17.435483870967747,21.57032258064516,17.575510548387093,25.273225806451627,21.43225806451613,56.80645161290322,17.491376746189438,8.0,7.649858064516129,"['know', 'fuck', 'achieved', 'absolute', 'clown', 'work', 'labor', 'job', 'went', 'college', 'worked', 'office', 'white', 'collar', 'jobs', 'since', 'years', 'old', 'simply', 'advocating', 'better', 'life', 'circumstances', 'average', 'person', 'maybe', 'hard', 'understand', 'empathy', 'people', 'worse']","[('know', 'fuck'), ('fuck', 'achieved'), ('achieved', 'absolute'), ('absolute', 'clown'), ('clown', 'work'), ('work', 'labor'), ('labor', 'job'), ('job', 'went'), ('went', 'college'), ('college', 'worked'), ('worked', 'office'), ('office', 'white'), ('white', 'collar'), ('collar', 'jobs'), ('jobs', 'since'), ('since', 'years'), ('years', 'old'), ('old', 'simply'), ('simply', 'advocating'), ('advocating', 'better'), ('better', 'life'), ('life', 'circumstances'), ('circumstances', 'average'), ('average', 'person'), ('person', 'maybe'), ('maybe', 'hard'), ('hard', 'understand'), ('understand', 'empathy'), ('empathy', 'people'), ('people', 'worse')]","[('know', 'fuck', 'achieved'), ('fuck', 'achieved', 'absolute'), ('achieved', 'absolute', 'clown'), ('absolute', 'clown', 'work'), ('clown', 'work', 'labor'), ('work', 'labor', 'job'), ('labor', 'job', 'went'), ('job', 'went', 'college'), ('went', 'college', 'worked'), ('college', 'worked', 'office'), ('worked', 'office', 'white'), ('office', 'white', 'collar'), ('white', 'collar', 'jobs'), ('collar', 'jobs', 'since'), ('jobs', 'since', 'years'), ('since', 'years', 'old'), ('years', 'old', 'simply'), ('old', 'simply', 'advocating'), ('simply', 'advocating', 'better'), ('advocating', 'better', 'life'), ('better', 'life', 'circumstances'), ('life', 'circumstances', 'average'), ('circumstances', 'average', 'person'), ('average', 'person', 'maybe'), ('person', 'maybe', 'hard'), ('maybe', 'hard', 'understand'), ('hard', 'understand', 'empathy'), ('understand', 'empathy', 'people'), ('empathy', 'people', 'worse')]","['know', 'fuck', 'achieve', 'absolute', 'clown', 'work', 'labor', 'job', 'go', 'college', 'work', 'office', 'white', 'collar', 'job', 'since', 'year', 'old', 'simply', 'advocate', 'better', 'life', 'circumstance', 'average', 'person', 'maybe', 'hard', 'understand', 'empathy', 'people', 'worse']",0.2213076923076923,-0.0338076923076923,0.1671923076923077
Yes babies are fucking creepy they all must die,Extremely harassing,3,2,2,0,44,yes babies fucking creepy must die,set(),0,[],"[('yes', 'UH'), ('babies', 'NNS'), ('fucking', 'VBG'), ('creepy', 'NN'), ('must', 'MD'), ('die', 'VB')]","{'die': ['fear', 'negative', 'sadness']}","{'fear': 1, 'negative': 1, 'sadness': 1}","[('fear', 0.3333333333333333), ('negative', 0.3333333333333333), ('sadness', 0.3333333333333333)]","{'fear': 0.3333333333333333, 'anger': 0.0, 'anticip': 0.0, 'trust': 0.0, 'surprise': 0.0, 'positive': 0.0, 'negative': 0.3333333333333333, 'sadness': 0.3333333333333333, 'disgust': 0.0, 'joy': 0.0}",-0.5,4.450000000000003,4.334999999999997,7.687262500000003,73.84500000000001,2.4000000000000004,22.666666666666668,3.0,1.0,5.560933333333333,"['yes', 'babies', 'fucking', 'creepy', 'must', 'die']","[('yes', 'babies'), ('babies', 'fucking'), ('fucking', 'creepy'), ('creepy', 'must'), ('must', 'die')]","[('yes', 'babies', 'fucking'), ('babies', 'fucking', 'creepy'), ('fucking', 'creepy', 'must'), ('creepy', 'must', 'die')]","['yes', 'baby', 'fuck', 'creepy', 'must', 'die']",-0.1561666666666666,0.4053333333333333,-0.2329999999999999
"Sucking the diversity dick in the title there, OP",Extremely harassing,3,2,2,0,48,sucking diversity dick title op,set(),0,['OP'],"[('sucking', 'VBG'), ('diversity', 'NN'), ('dick', 'NN'), ('title', 'NN'), ('op', 'NN')]","{'title': ['positive', 'trust']}","{'positive': 1, 'trust': 1}","[('trust', 0.5), ('positive', 0.5)]","{'fear': 0.0, 'anger': 0.0, 'anticip': 0.0, 'trust': 0.5, 'surprise': 0.0, 'positive': 0.5, 'negative': 0.0, 'sadness': 0.0, 'disgust': 0.0, 'joy': 0.0}",0.0,7.600000000000001,6.504000000000001,10.0329354,49.48,10.0,45.0,8.477225575051662,2.0,12.88,"['sucking', 'diversity', 'dick', 'title', 'op']","[('sucking', 'diversity'), ('diversity', 'dick'), ('dick', 'title'), ('title', 'op')]","[('sucking', 'diversity', 'dick'), ('diversity', 'dick', 'title'), ('dick', 'title', 'op')]","['suck', 'diversity', 'dick', 'title', 'op']",-0.0284,-0.0832,-0.0107999999999999
"to be fair, a phone is personal property not private property. so that kid can fuck off",Extremely harassing,3,2,1,1,49,fair phone personal property private property kid fuck,set(),0,[],"[('fair', 'NN'), ('phone', 'NN'), ('personal', 'JJ'), ('property', 'NN'), ('private', 'JJ'), ('property', 'NN'), ('kid', 'NN'), ('fuck', 'NN')]","{'fair': ['positive'], 'personal': ['trust']}","{'positive': 1, 'trust': 1}","[('trust', 0.5), ('positive', 0.5)]","{'fear': 0.0, 'anger': 0.0, 'anticip': 0.0, 'trust': 0.5, 'surprise': 0.0, 'positive': 0.5, 'negative': 0.0, 'sadness': 0.0, 'disgust': 0.0, 'joy': 0.0}",0.0749999999999999,9.655,10.24125,15.044910625000004,40.09000000000001,18.2,58.0,12.486832980505138,4.0,10.26555,"['fair', 'phone', 'personal', 'property', 'private', 'property', 'kid', 'fuck']","[('fair', 'phone'), ('phone', 'personal'), ('personal', 'property'), ('property', 'private'), ('private', 'property'), ('property', 'kid'), ('kid', 'fuck')]","[('fair', 'phone', 'personal'), ('phone', 'personal', 'property'), ('personal', 'property', 'private'), ('property', 'private', 'property'), ('private', 'property', 'kid'), ('property', 'kid', 'fuck')]","['fair', 'phone', 'personal', 'property', 'private', 'property', 'kid', 'fuck']",0.3768571428571428,-0.1311428571428571,0.094
we're all clenching our assholes,Extremely harassing,3,2,2,1,57,clenching assholes,set(),0,[],"[('clenching', 'VBG'), ('assholes', 'NNS')]",{},{},"[('fear', 0.0), ('anger', 0.0), ('anticip', 0.0), ('trust', 0.0), ('surprise', 0.0), ('positive', 0.0), ('negative', 0.0), ('sadness', 0.0), ('disgust', 0.0), ('joy', 0.0)]","{'fear': 0.0, 'anger': 0.0, 'anticip': 0.0, 'trust': 0.0, 'surprise': 0.0, 'positive': 0.0, 'negative': 0.0, 'sadness': 0.0, 'disgust': 0.0, 'joy': 0.0}",0.0,14.69,19.605,19.38428950000001,-6.694999999999991,20.8,102.0,8.477225575051662,2.0,15.8892,"['clenching', 'assholes']","[('clenching', 'assholes')]",[],"['clench', 'asshole']",0.0,0.0,0.0
Yes babies are fucking creepy they all must die,Extremely harassing,3,2,1,0,64,yes babies fucking creepy must die,set(),0,[],"[('yes', 'UH'), ('babies', 'NNS'), ('fucking', 'VBG'), ('creepy', 'NN'), ('must', 'MD'), ('die', 'VB')]","{'die': ['fear', 'negative', 'sadness']}","{'fear': 1, 'negative': 1, 'sadness': 1}","[('fear', 0.3333333333333333), ('negative', 0.3333333333333333), ('sadness', 0.3333333333333333)]","{'fear': 0.3333333333333333, 'anger': 0.0, 'anticip': 0.0, 'trust': 0.0, 'surprise': 0.0, 'positive': 0.0, 'negative': 0.3333333333333333, 'sadness': 0.3333333333333333, 'disgust': 0.0, 'joy': 0.0}",-0.5,4.450000000000003,4.334999999999997,7.687262500000003,73.84500000000001,2.4000000000000004,22.666666666666668,3.0,1.0,5.560933333333333,"['yes', 'babies', 'fucking', 'creepy', 'must', 'die']","[('yes', 'babies'), ('babies', 'fucking'), ('fucking', 'creepy'), ('creepy', 'must'), ('must', 'die')]","[('yes', 'babies', 'fucking'), ('babies', 'fucking', 'creepy'), ('fucking', 'creepy', 'must'), ('creepy', 'must', 'die')]","['yes', 'baby', 'fuck', 'creepy', 'must', 'die']",-0.1561666666666666,0.4053333333333333,-0.2329999999999999
"I dunno man, do you suck yourself off and then spit the cum into a 120 IQ bride or what?

This is a thought experiment that is the epitome of selfsuck.

How are your kids doing by the way?",Extremely harassing,3,2,1,0,64,know man suck spit cum iq bride thought experiment epitome selfsuck kids way,set(),0,['IQ'],"[('know', 'VB'), ('man', 'NN'), ('suck', 'JJ'), ('spit', 'JJ'), ('cum', 'NN'), ('iq', 'NN'), ('bride', 'NN'), ('thought', 'VBD'), ('experiment', 'JJ'), ('epitome', 'JJ'), ('selfsuck', 'NN'), ('kids', 'NNS'), ('way', 'NN')]","{'suck': ['negative'], 'spit': ['disgust'], 'bride': ['anticipation', 'joy', 'positive', 'trust'], 'thought': ['anticipation'], 'experiment': ['anticipation', 'surprise'], 'epitome': ['positive']}","{'negative': 1, 'disgust': 1, 'anticipation': 3, 'joy': 1, 'positive': 2, 'trust': 1, 'surprise': 1}","[('anticipation', 0.3)]","{'fear': 0.0, 'anger': 0.0, 'anticip': 0.0, 'trust': 0.1, 'surprise': 0.1, 'positive': 0.2, 'negative': 0.1, 'sadness': 0.0, 'disgust': 0.1, 'joy': 0.1, 'anticipation': 0.3}",0.0,6.726153846153846,8.25769230769231,10.87021015384616,69.99384615384618,11.353846153846156,43.76923076923077,10.745966692414834,4.0,7.932492307692308,"['know', 'man', 'suck', 'spit', 'cum', 'iq', 'bride', 'thought', 'experiment', 'epitome', 'selfsuck', 'kids', 'way']","[('know', 'man'), ('man', 'suck'), ('suck', 'spit'), ('spit', 'cum'), ('cum', 'iq'), ('iq', 'bride'), ('bride', 'thought'), ('thought', 'experiment'), ('experiment', 'epitome'), ('epitome', 'selfsuck'), ('selfsuck', 'kids'), ('kids', 'way')]","[('know', 'man', 'suck'), ('man', 'suck', 'spit'), ('suck', 'spit', 'cum'), ('spit', 'cum', 'iq'), ('cum', 'iq', 'bride'), ('iq', 'bride', 'thought'), ('bride', 'thought', 'experiment'), ('thought', 'experiment', 'epitome'), ('experiment', 'epitome', 'selfsuck'), ('epitome', 'selfsuck', 'kids'), ('selfsuck', 'kids', 'way')]","['know', 'man', 'suck', 'spit', 'cum', 'iq', 'bride', 'think', 'experiment', 'epitome', 'selfsuck', 'kid', 'way']",0.152,0.0288888888888888,0.0768888888888888
"It may not be the wrong choice for him, but that doesn't mean he isn't a POS for it.

""Fuck you I got mine"" is a piece of shit attitude.",Extremely harassing,3,2,1,0,64,may wrong choice mean pos fuck got mine piece shit attitude,set(),0,['POS'],"[('may', 'MD'), ('wrong', 'VB'), ('choice', 'NN'), ('mean', 'JJ'), ('pos', 'NN'), ('fuck', 'NN'), ('got', 'VBD'), ('mine', 'JJ'), ('piece', 'NN'), ('shit', 'VBD'), ('attitude', 'NN')]","{'wrong': ['negative'], 'choice': ['positive'], 'shit': ['anger', 'disgust', 'negative']}","{'negative': 2, 'positive': 1, 'anger': 1, 'disgust': 1}","[('negative', 0.4)]","{'fear': 0.0, 'anger': 0.2, 'anticip': 0.0, 'trust': 0.0, 'surprise': 0.0, 'positive': 0.2, 'negative': 0.4, 'sadness': 0.0, 'disgust': 0.2, 'joy': 0.0}",-0.3531249999999999,2.645454545454548,5.050909090909091,7.701506818181823,95.68818181818182,8.036363636363637,20.090909090909093,8.477225575051662,1.0,6.287418181818183,"['may', 'wrong', 'choice', 'mean', 'pos', 'fuck', 'got', 'mine', 'piece', 'shit', 'attitude']","[('may', 'wrong'), ('wrong', 'choice'), ('choice', 'mean'), ('mean', 'pos'), ('pos', 'fuck'), ('fuck', 'got'), ('got', 'mine'), ('mine', 'piece'), ('piece', 'shit'), ('shit', 'attitude')]","[('may', 'wrong', 'choice'), ('wrong', 'choice', 'mean'), ('choice', 'mean', 'pos'), ('mean', 'pos', 'fuck'), ('pos', 'fuck', 'got'), ('fuck', 'got', 'mine'), ('got', 'mine', 'piece'), ('mine', 'piece', 'shit'), ('piece', 'shit', 'attitude')]","['may', 'wrong', 'choice', 'mean', 'po', 'fuck', 'get', 'mine', 'piece', 'shit', 'attitude']",0.0055555555555555,0.0282222222222222,0.0219999999999999
"They *were* a terrorist organization because of those acts, but now they're just assholes.",Extremely harassing,3,2,1,1,68,terrorist organization acts assholes,set(),0,[],"[('terrorist', 'JJ'), ('organization', 'NN'), ('acts', 'NNS'), ('assholes', 'NNS')]","{'terrorist': ['anger', 'disgust', 'fear', 'negative', 'sadness', 'surprise'], 'organization': ['anticipation', 'joy', 'positive', 'surprise', 'trust']}","{'anger': 1, 'disgust': 1, 'fear': 1, 'negative': 1, 'sadness': 1, 'surprise': 2, 'anticipation': 1, 'joy': 1, 'positive': 1, 'trust': 1}","[('surprise', 0.18181818181818182)]","{'fear': 0.09090909090909091, 'anger': 0.09090909090909091, 'anticip': 0.0, 'trust': 0.09090909090909091, 'surprise': 0.18181818181818182, 'positive': 0.09090909090909091, 'negative': 0.09090909090909091, 'sadness': 0.09090909090909091, 'disgust': 0.09090909090909091, 'joy': 0.09090909090909091, 'anticipation': 0.09090909090909091}",0.0,21.370000000000008,19.4275,25.31114675000001,-51.02499999999998,31.6,79.0,12.486832980505138,3.0,12.0409,"['terrorist', 'organization', 'acts', 'assholes']","[('terrorist', 'organization'), ('organization', 'acts'), ('acts', 'assholes')]","[('terrorist', 'organization', 'acts'), ('organization', 'acts', 'assholes')]","['terrorist', 'organization', 'act', 'asshole']",-0.586,0.442,0.142
"yes, cars are horrible for the environment and people. public mass transit is the only way to meaningfully cut carbon emissions (and traffic deaths).

and, like, statistics means it's unlikely. but it's not impossible. and reopening the economy means sacrificing lives of people, just to make money. if you're not willing to take that risk on yourself, fuck you.",Extremely harassing,3,2,3,0,74,yes cars horrible environment people public mass transit way meaningfully cut carbon emissions traffic deaths like statistics means unlikely impossible reopening economy means sacrificing lives people make money willing take risk fuck,set(),0,[],"[('yes', 'RB'), ('cars', 'NNS'), ('horrible', 'JJ'), ('environment', 'NN'), ('people', 'NNS'), ('public', 'JJ'), ('mass', 'VBP'), ('transit', 'JJ'), ('way', 'NN'), ('meaningfully', 'RB'), ('cut', 'VBN'), ('carbon', 'NN'), ('emissions', 'NNS'), ('traffic', 'NN'), ('deaths', 'NNS'), ('like', 'IN'), ('statistics', 'NNS'), ('means', 'VBZ'), ('unlikely', 'JJ'), ('impossible', 'JJ'), ('reopening', 'VBG'), ('economy', 'NN'), ('means', 'VBZ'), ('sacrificing', 'VBG'), ('lives', 'NNS'), ('people', 'NNS'), ('make', 'VBP'), ('money', 'NN'), ('willing', 'JJ'), ('take', 'NN'), ('risk', 'NN'), ('fuck', 'NN')]","{'horrible': ['anger', 'disgust', 'fear', 'negative'], 'public': ['anticipation', 'positive'], 'impossible': ['negative', 'sadness'], 'economy': ['trust'], 'money': ['anger', 'anticipation', 'joy', 'positive', 'surprise', 'trust'], 'risk': ['anticipation', 'fear', 'negative']}","{'anger': 2, 'disgust': 1, 'fear': 2, 'negative': 3, 'anticipation': 3, 'positive': 2, 'sadness': 1, 'trust': 2, 'joy': 1, 'surprise': 1}","[('negative', 0.16666666666666666), ('anticipation', 0.16666666666666666)]","{'fear': 0.1111111111111111, 'anger': 0.1111111111111111, 'anticip': 0.0, 'trust': 0.1111111111111111, 'surprise': 0.05555555555555555, 'positive': 0.1111111111111111, 'negative': 0.16666666666666666, 'sadness': 0.05555555555555555, 'disgust': 0.05555555555555555, 'joy': 0.05555555555555555, 'anticipation': 0.16666666666666666}",-0.2595238095238095,20.49,24.449062500000004,20.574898281250007,5.155000000000023,25.3,72.625,20.32050807568877,13.0,9.9756375,"['yes', 'cars', 'horrible', 'environment', 'people', 'public', 'mass', 'transit', 'way', 'meaningfully', 'cut', 'carbon', 'emissions', 'traffic', 'deaths', 'like', 'statistics', 'means', 'unlikely', 'impossible', 'reopening', 'economy', 'means', 'sacrificing', 'lives', 'people', 'make', 'money', 'willing', 'take', 'risk', 'fuck']","[('yes', 'cars'), ('cars', 'horrible'), ('horrible', 'environment'), ('environment', 'people'), ('people', 'public'), ('public', 'mass'), ('mass', 'transit'), ('transit', 'way'), ('way', 'meaningfully'), ('meaningfully', 'cut'), ('cut', 'carbon'), ('carbon', 'emissions'), ('emissions', 'traffic'), ('traffic', 'deaths'), ('deaths', 'like'), ('like', 'statistics'), ('statistics', 'means'), ('means', 'unlikely'), ('unlikely', 'impossible'), ('impossible', 'reopening'), ('reopening', 'economy'), ('economy', 'means'), ('means', 'sacrificing'), ('sacrificing', 'lives'), ('lives', 'people'), ('people', 'make'), ('make', 'money'), ('money', 'willing'), ('willing', 'take'), ('take', 'risk'), ('risk', 'fuck')]","[('yes', 'cars', 'horrible'), ('cars', 'horrible', 'environment'), ('horrible', 'environment', 'people'), ('environment', 'people', 'public'), ('people', 'public', 'mass'), ('public', 'mass', 'transit'), ('mass', 'transit', 'way'), ('transit', 'way', 'meaningfully'), ('way', 'meaningfully', 'cut'), ('meaningfully', 'cut', 'carbon'), ('cut', 'carbon', 'emissions'), ('carbon', 'emissions', 'traffic'), ('emissions', 'traffic', 'deaths'), ('traffic', 'deaths', 'like'), ('deaths', 'like', 'statistics'), ('like', 'statistics', 'means'), ('statistics', 'means', 'unlikely'), ('means', 'unlikely', 'impossible'), ('unlikely', 'impossible', 'reopening'), ('impossible', 'reopening', 'economy'), ('reopening', 'economy', 'means'), ('economy', 'means', 'sacrificing'), ('means', 'sacrificing', 'lives'), ('sacrificing', 'lives', 'people'), ('lives', 'people', 'make'), ('people', 'make', 'money'), ('make', 'money', 'willing'), ('money', 'willing', 'take'), ('willing', 'take', 'risk'), ('take', 'risk', 'fuck')]","['yes', 'car', 'horrible', 'environment', 'people', 'public', 'mass', 'transit', 'way', 'meaningfully', 'cut', 'carbon', 'emission', 'traffic', 'death', 'like', 'statistic', 'mean', 'unlikely', 'impossible', 'reopen', 'economy', 'mean', 'sacrifice', 'life', 'people', 'make', 'money', 'will', 'take', 'risk', 'fuck']",0.0855833333333333,-0.0455833333333333,0.0363333333333333
"She says  something smart and then something stupid,  she stands up to the establishment then bends over backwards to suck their dick. Everything is extremism.",Extremely harassing,3,2,2,1,75,says something smart something stupid stands establishment bends backwards suck dick everything extremism,set(),0,[],"[('says', 'VBZ'), ('something', 'NN'), ('smart', 'JJ'), ('something', 'NN'), ('stupid', 'JJ'), ('stands', 'VBZ'), ('establishment', 'JJ'), ('bends', 'NNS'), ('backwards', 'NNS'), ('suck', 'VBP'), ('dick', 'JJ'), ('everything', 'NN'), ('extremism', 'NN')]","{'stupid': ['negative'], 'backwards': ['disgust', 'negative'], 'suck': ['negative']}","{'negative': 3, 'disgust': 1}","[('negative', 0.75)]","{'fear': 0.0, 'anger': 0.0, 'anticip': 0.0, 'trust': 0.0, 'surprise': 0.0, 'positive': 0.0, 'negative': 0.75, 'sadness': 0.0, 'disgust': 0.25, 'joy': 0.0}",-0.2928571428571428,14.895384615384618,18.76461538461539,23.986800846153848,11.424615384615402,20.58461538461539,59.15384615384615,15.24744871391589,6.0,9.147107692307694,"['says', 'something', 'smart', 'something', 'stupid', 'stands', 'establishment', 'bends', 'backwards', 'suck', 'dick', 'everything', 'extremism']","[('says', 'something'), ('something', 'smart'), ('smart', 'something'), ('something', 'stupid'), ('stupid', 'stands'), ('stands', 'establishment'), ('establishment', 'bends'), ('bends', 'backwards'), ('backwards', 'suck'), ('suck', 'dick'), ('dick', 'everything'), ('everything', 'extremism')]","[('says', 'something', 'smart'), ('something', 'smart', 'something'), ('smart', 'something', 'stupid'), ('something', 'stupid', 'stands'), ('stupid', 'stands', 'establishment'), ('stands', 'establishment', 'bends'), ('establishment', 'bends', 'backwards'), ('bends', 'backwards', 'suck'), ('backwards', 'suck', 'dick'), ('suck', 'dick', 'everything'), ('dick', 'everything', 'extremism')]","['say', 'something', 'smart', 'something', 'stupid', 'stand', 'establishment', 'bend', 'backwards', 'suck', 'dick', 'everything', 'extremism']",-0.1500999999999999,0.1436,0.127
" ""Fuck your second amendment"" 

uh, no.  What does the laughing world you speak of think about Venezuela or all the other places with no recourse against tyranny?  Is that hilarious too?  Your examples of things that are already illegal still happening doesn't help your argument of making guns illegal btw.",Extremely harassing,3,2,1,1,81,fuck second amendment uh laughing world speak think venezuela places recourse tyranny hilarious examples things already illegal still happening help argument making guns illegal way,set(),0,[],"[('fuck', 'JJ'), ('second', 'JJ'), ('amendment', 'NN'), ('uh', 'NN'), ('laughing', 'VBG'), ('world', 'NN'), ('speak', 'NN'), ('think', 'VBP'), ('venezuela', 'JJ'), ('places', 'NNS'), ('recourse', 'VBP'), ('tyranny', 'RB'), ('hilarious', 'JJ'), ('examples', 'NNS'), ('things', 'NNS'), ('already', 'RB'), ('illegal', 'VBP'), ('still', 'RB'), ('happening', 'VBG'), ('help', 'NN'), ('argument', 'NN'), ('making', 'VBG'), ('guns', 'NNS'), ('illegal', 'JJ'), ('way', 'NN')]","{'laughing': ['joy', 'positive'], 'tyranny': ['fear', 'negative', 'sadness'], 'hilarious': ['joy', 'positive', 'surprise'], 'illegal': ['anger', 'disgust', 'fear', 'negative', 'sadness'], 'argument': ['anger', 'negative']}","{'joy': 2, 'positive': 2, 'fear': 3, 'negative': 4, 'sadness': 3, 'surprise': 1, 'anger': 3, 'disgust': 2}","[('negative', 0.2)]","{'fear': 0.15, 'anger': 0.15, 'anticip': 0.0, 'trust': 0.0, 'surprise': 0.05, 'positive': 0.1, 'negative': 0.2, 'sadness': 0.15, 'disgust': 0.1, 'joy': 0.1}",-0.18,18.704000000000004,20.6488,19.94116908,5.492000000000022,26.0,73.0,20.32050807568877,12.0,11.3456,"['fuck', 'second', 'amendment', 'uh', 'laughing', 'world', 'speak', 'think', 'venezuela', 'places', 'recourse', 'tyranny', 'hilarious', 'examples', 'things', 'already', 'illegal', 'still', 'happening', 'help', 'argument', 'making', 'guns', 'illegal', 'way']","[('fuck', 'second'), ('second', 'amendment'), ('amendment', 'uh'), ('uh', 'laughing'), ('laughing', 'world'), ('world', 'speak'), ('speak', 'think'), ('think', 'venezuela'), ('venezuela', 'places'), ('places', 'recourse'), ('recourse', 'tyranny'), ('tyranny', 'hilarious'), ('hilarious', 'examples'), ('examples', 'things'), ('things', 'already'), ('already', 'illegal'), ('illegal', 'still'), ('still', 'happening'), ('happening', 'help'), ('help', 'argument'), ('argument', 'making'), ('making', 'guns'), ('guns', 'illegal'), ('illegal', 'way')]","[('fuck', 'second', 'amendment'), ('second', 'amendment', 'uh'), ('amendment', 'uh', 'laughing'), ('uh', 'laughing', 'world'), ('laughing', 'world', 'speak'), ('world', 'speak', 'think'), ('speak', 'think', 'venezuela'), ('think', 'venezuela', 'places'), ('venezuela', 'places', 'recourse'), ('places', 'recourse', 'tyranny'), ('recourse', 'tyranny', 'hilarious'), ('tyranny', 'hilarious', 'examples'), ('hilarious', 'examples', 'things'), ('examples', 'things', 'already'), ('things', 'already', 'illegal'), ('already', 'illegal', 'still'), ('illegal', 'still', 'happening'), ('still', 'happening', 'help'), ('happening', 'help', 'argument'), ('help', 'argument', 'making'), ('argument', 'making', 'guns'), ('making', 'guns', 'illegal'), ('guns', 'illegal', 'way')]","['fuck', 'second', 'amendment', 'uh', 'laugh', 'world', 'speak', 'think', 'venezuela', 'place', 'recourse', 'tyranny', 'hilarious', 'example', 'thing', 'already', 'illegal', 'still', 'happen', 'help', 'argument', 'make', 'gun', 'illegal', 'way']",0.0934705882352941,-0.1257647058823529,0.0227647058823529
He’s an attention whore and his sister was removed. A normal person doesn’t record themselves with their dead sister and upload it onto the internet.,Extremely harassing,3,2,1,0,82,attention whore sister removed normal person record dead sister upload onto internet,set(),0,[],"[('attention', 'NN'), ('whore', 'NN'), ('sister', 'NN'), ('removed', 'VBD'), ('normal', 'JJ'), ('person', 'NN'), ('record', 'NN'), ('dead', 'JJ'), ('sister', 'NN'), ('upload', 'NN'), ('onto', 'IN'), ('internet', 'NN')]","{'attention': ['positive'], 'whore': ['disgust', 'negative']}","{'positive': 1, 'disgust': 1, 'negative': 1}","[('positive', 0.3333333333333333), ('negative', 0.3333333333333333), ('disgust', 0.3333333333333333)]","{'fear': 0.0, 'anger': 0.0, 'anticip': 0.0, 'trust': 0.0, 'surprise': 0.0, 'positive': 0.3333333333333333, 'negative': 0.3333333333333333, 'sadness': 0.0, 'disgust': 0.3333333333333333, 'joy': 0.0}",-0.025,13.673333333333336,13.222500000000004,17.50268291666667,18.40500000000001,14.8,37.0,12.486832980505138,3.0,8.4902,"['attention', 'whore', 'sister', 'removed', 'normal', 'person', 'record', 'dead', 'sister', 'upload', 'onto', 'internet']","[('attention', 'whore'), ('whore', 'sister'), ('sister', 'removed'), ('removed', 'normal'), ('normal', 'person'), ('person', 'record'), ('record', 'dead'), ('dead', 'sister'), ('sister', 'upload'), ('upload', 'onto'), ('onto', 'internet')]","[('attention', 'whore', 'sister'), ('whore', 'sister', 'removed'), ('sister', 'removed', 'normal'), ('removed', 'normal', 'person'), ('normal', 'person', 'record'), ('person', 'record', 'dead'), ('record', 'dead', 'sister'), ('dead', 'sister', 'upload'), ('sister', 'upload', 'onto'), ('upload', 'onto', 'internet')]","['attention', 'whore', 'sister', 'remove', 'normal', 'person', 'record', 'dead', 'sister', 'upload', 'onto', 'internet']",0.0582,-0.1315,-0.0107999999999999
"Ah, well he is a bastard then",Extremely harassing,3,2,2,1,83,ah well bastard,set(),0,[],"[('ah', 'RB'), ('well', 'RB'), ('bastard', 'RB')]","{'bastard': ['disgust', 'negative', 'sadness']}","{'disgust': 1, 'negative': 1, 'sadness': 1}","[('negative', 0.3333333333333333), ('sadness', 0.3333333333333333), ('disgust', 0.3333333333333333)]","{'fear': 0.0, 'anger': 0.0, 'anticip': 0.0, 'trust': 0.0, 'surprise': 0.0, 'positive': 0.0, 'negative': 0.3333333333333333, 'sadness': 0.3333333333333333, 'disgust': 0.3333333333333333, 'joy': 0.0}",0.0,1.313333333333336,0.4800000000000004,-0.1838763333333322,90.99000000000002,1.2000000000000002,36.333333333333336,3.0,1.0,5.412133333333332,"['ah', 'well', 'bastard']","[('ah', 'well'), ('well', 'bastard')]","[('ah', 'well', 'bastard')]","['ah', 'well', 'bastard']",0.0469999999999999,0.1335,0.0795
"&gt;dont fuck around with kratom

&gt;dont fuck around with kratom while being a junkie",Extremely harassing,3,2,2,1,83,fuck around kratom fuck around kratom junkie,set(),0,[],"[('fuck', 'NN'), ('around', 'IN'), ('kratom', 'JJ'), ('fuck', 'NN'), ('around', 'IN'), ('kratom', 'NN'), ('junkie', 'NN')]",{},{},"[('fear', 0.0), ('anger', 0.0), ('anticip', 0.0), ('trust', 0.0), ('surprise', 0.0), ('positive', 0.0), ('negative', 0.0), ('sadness', 0.0), ('disgust', 0.0), ('joy', 0.0)]","{'fear': 0.0, 'anger': 0.0, 'anticip': 0.0, 'trust': 0.0, 'surprise': 0.0, 'positive': 0.0, 'negative': 0.0, 'sadness': 0.0, 'disgust': 0.0, 'joy': 0.0}",-0.4,7.368571428571428,7.638571428571431,11.891632857142865,54.7014285714286,2.8000000000000003,7.0,3.0,0.0,11.625771428571433,"['fuck', 'around', 'kratom', 'fuck', 'around', 'kratom', 'junkie']","[('fuck', 'around'), ('around', 'kratom'), ('kratom', 'fuck'), ('fuck', 'around'), ('around', 'kratom'), ('kratom', 'junkie')]","[('fuck', 'around', 'kratom'), ('around', 'kratom', 'fuck'), ('kratom', 'fuck', 'around'), ('fuck', 'around', 'kratom'), ('around', 'kratom', 'junkie')]","['fuck', 'around', 'kratom', 'fuck', 'around', 'kratom', 'junkie']",-0.348,0.239,-0.154
"&gt;actually a chad IRL 

Either your flair is lying or you're lying now. 

Either way I'm gonna hunt you down and fuck your ass",Extremely harassing,3,2,4,1,93,actually chad irl either flair lying lying either way going hunt fuck ass,set(),0,['IRL'],"[('actually', 'RB'), ('chad', 'VBN'), ('irl', 'NN'), ('either', 'CC'), ('flair', 'NN'), ('lying', 'VBG'), ('lying', 'VBG'), ('either', 'DT'), ('way', 'NN'), ('going', 'VBG'), ('hunt', 'JJ'), ('fuck', 'JJ'), ('ass', 'NN')]","{'lying': ['anger', 'disgust', 'negative'], 'ass': ['negative']}","{'anger': 2, 'disgust': 2, 'negative': 3}","[('negative', 0.42857142857142855)]","{'fear': 0.0, 'anger': 0.2857142857142857, 'anticip': 0.0, 'trust': 0.0, 'surprise': 0.0, 'positive': 0.0, 'negative': 0.42857142857142855, 'sadness': 0.0, 'disgust': 0.2857142857142857, 'joy': 0.0}",-0.2,4.91076923076923,7.170769230769231,9.513321461538467,83.0092307692308,8.276923076923078,20.692307692307693,8.477225575051662,1.0,7.932492307692308,"['actually', 'chad', 'irl', 'either', 'flair', 'lying', 'lying', 'either', 'way', 'going', 'hunt', 'fuck', 'ass']","[('actually', 'chad'), ('chad', 'irl'), ('irl', 'either'), ('either', 'flair'), ('flair', 'lying'), ('lying', 'lying'), ('lying', 'either'), ('either', 'way'), ('way', 'going'), ('going', 'hunt'), ('hunt', 'fuck'), ('fuck', 'ass')]","[('actually', 'chad', 'irl'), ('chad', 'irl', 'either'), ('irl', 'either', 'flair'), ('either', 'flair', 'lying'), ('flair', 'lying', 'lying'), ('lying', 'lying', 'either'), ('lying', 'either', 'way'), ('either', 'way', 'going'), ('way', 'going', 'hunt'), ('going', 'hunt', 'fuck'), ('hunt', 'fuck', 'ass')]","['actually', 'chad', 'irl', 'either', 'flair', 'lie', 'lie', 'either', 'way', 'go', 'hunt', 'fuck', 'as']",-0.1222857142857142,0.1634285714285714,-0.042
"How fucked in the head do you have to be to see a strong and proud Jewish scalper and go straight to antisemitism?

 Many Jews are People of Profit and are some of the best in the game, to try and erase their experiences like this is the real antisemitism.",Extremely harassing,3,2,1,1,95,fucked head see strong proud jewish scalper go straight antisemitism many jews people profit best game try erase experiences like real antisemitism,set(),0,[],"[('fucked', 'VBN'), ('head', 'NN'), ('see', 'NN'), ('strong', 'JJ'), ('proud', 'JJ'), ('jewish', 'NN'), ('scalper', 'NN'), ('go', 'VBP'), ('straight', 'JJ'), ('antisemitism', 'NN'), ('many', 'JJ'), ('jews', 'NNS'), ('people', 'NNS'), ('profit', 'VBP'), ('best', 'JJS'), ('game', 'NN'), ('try', 'NN'), ('erase', 'NN'), ('experiences', 'NNS'), ('like', 'IN'), ('real', 'JJ'), ('antisemitism', 'NN')]","{'proud': ['anticipation', 'joy', 'positive', 'trust'], 'erase': ['fear', 'negative'], 'real': ['positive', 'trust']}","{'anticipation': 1, 'joy': 1, 'positive': 2, 'trust': 2, 'fear': 1, 'negative': 1}","[('trust', 0.25), ('positive', 0.25)]","{'fear': 0.125, 'anger': 0.0, 'anticip': 0.0, 'trust': 0.25, 'surprise': 0.0, 'positive': 0.25, 'negative': 0.125, 'sadness': 0.0, 'disgust': 0.0, 'joy': 0.125, 'anticipation': 0.125}",0.237037037037037,14.98090909090909,16.545454545454547,16.529829909090914,26.841363636363653,14.254545454545454,44.72727272727273,12.486832980505138,5.0,6.833018181818183,"['fucked', 'head', 'see', 'strong', 'proud', 'jewish', 'scalper', 'go', 'straight', 'antisemitism', 'many', 'jews', 'people', 'profit', 'best', 'game', 'try', 'erase', 'experiences', 'like', 'real', 'antisemitism']","[('fucked', 'head'), ('head', 'see'), ('see', 'strong'), ('strong', 'proud'), ('proud', 'jewish'), ('jewish', 'scalper'), ('scalper', 'go'), ('go', 'straight'), ('straight', 'antisemitism'), ('antisemitism', 'many'), ('many', 'jews'), ('jews', 'people'), ('people', 'profit'), ('profit', 'best'), ('best', 'game'), ('game', 'try'), ('try', 'erase'), ('erase', 'experiences'), ('experiences', 'like'), ('like', 'real'), ('real', 'antisemitism')]","[('fucked', 'head', 'see'), ('head', 'see', 'strong'), ('see', 'strong', 'proud'), ('strong', 'proud', 'jewish'), ('proud', 'jewish', 'scalper'), ('jewish', 'scalper', 'go'), ('scalper', 'go', 'straight'), ('go', 'straight', 'antisemitism'), ('straight', 'antisemitism', 'many'), ('antisemitism', 'many', 'jews'), ('many', 'jews', 'people'), ('jews', 'people', 'profit'), ('people', 'profit', 'best'), ('profit', 'best', 'game'), ('best', 'game', 'try'), ('game', 'try', 'erase'), ('try', 'erase', 'experiences'), ('erase', 'experiences', 'like'), ('experiences', 'like', 'real'), ('like', 'real', 'antisemitism')]","['fuck', 'head', 'see', 'strong', 'proud', 'jewish', 'scalper', 'go', 'straight', 'antisemitism', 'many', 'jew', 'people', 'profit', 'best', 'game', 'try', 'erase', 'experience', 'like', 'real', 'antisemitism']",0.2779411764705882,0.0648823529411765,0.2171764705882353
"Holding a firearm isn’t instigation dipshit, unless you’re a boot licking pussy",Extremely harassing,3,2,1,0,104,holding firearm instigation dipshit unless boot licking pussy,set(),0,[],"[('holding', 'VBG'), ('firearm', 'JJ'), ('instigation', 'NN'), ('dipshit', 'NN'), ('unless', 'IN'), ('boot', 'NN'), ('licking', 'NN'), ('pussy', 'NN')]",{'instigation': ['negative']},{'negative': 1},"[('negative', 1.0)]","{'fear': 0.0, 'anger': 0.0, 'anticip': 0.0, 'trust': 0.0, 'surprise': 0.0, 'positive': 0.0, 'negative': 1.0, 'sadness': 0.0, 'disgust': 0.0, 'joy': 0.0}",0.0,12.605000000000004,14.362500000000004,20.18978025,18.940000000000037,8.200000000000001,70.5,8.477225575051662,5.0,8.2918,"['holding', 'firearm', 'instigation', 'dipshit', 'unless', 'boot', 'licking', 'pussy']","[('holding', 'firearm'), ('firearm', 'instigation'), ('instigation', 'dipshit'), ('dipshit', 'unless'), ('unless', 'boot'), ('boot', 'licking'), ('licking', 'pussy')]","[('holding', 'firearm', 'instigation'), ('firearm', 'instigation', 'dipshit'), ('instigation', 'dipshit', 'unless'), ('dipshit', 'unless', 'boot'), ('unless', 'boot', 'licking'), ('boot', 'licking', 'pussy')]","['hold', 'firearm', 'instigation', 'dipshit', 'unless', 'boot', 'lick', 'pussy']",-0.4003333333333332,0.4156666666666666,0.029
Like you wouldn't pass up the chance to fuck Shrek.,Extremely harassing,3,2,3,1,122,like would pass chance fuck shrek,set(),0,[],"[('like', 'IN'), ('would', 'MD'), ('pass', 'VB'), ('chance', 'NN'), ('fuck', 'NN'), ('shrek', 'NN')]",{'chance': ['surprise']},{'surprise': 1},"[('surprise', 1.0)]","{'fear': 0.0, 'anger': 0.0, 'anticip': 0.0, 'trust': 0.0, 'surprise': 1.0, 'positive': 0.0, 'negative': 0.0, 'sadness': 0.0, 'disgust': 0.0, 'joy': 0.0}",-0.4,-1.4499999999999993,3.5500000000000007,6.707287333333337,116.145,2.4000000000000004,6.0,3.0,0.0,5.560933333333333,"['like', 'would', 'pass', 'chance', 'fuck', 'shrek']","[('like', 'would'), ('would', 'pass'), ('pass', 'chance'), ('chance', 'fuck'), ('fuck', 'shrek')]","[('like', 'would', 'pass'), ('would', 'pass', 'chance'), ('pass', 'chance', 'fuck'), ('chance', 'fuck', 'shrek')]","['like', 'would', 'pas', 'chance', 'fuck', 'shrek']",0.2775,-0.18,-0.12
Yes babies are fucking creepy they all must die,Extremely harassing,3,2,1,0,139,yes babies fucking creepy must die,set(),0,[],"[('yes', 'UH'), ('babies', 'NNS'), ('fucking', 'VBG'), ('creepy', 'NN'), ('must', 'MD'), ('die', 'VB')]","{'die': ['fear', 'negative', 'sadness']}","{'fear': 1, 'negative': 1, 'sadness': 1}","[('fear', 0.3333333333333333), ('negative', 0.3333333333333333), ('sadness', 0.3333333333333333)]","{'fear': 0.3333333333333333, 'anger': 0.0, 'anticip': 0.0, 'trust': 0.0, 'surprise': 0.0, 'positive': 0.0, 'negative': 0.3333333333333333, 'sadness': 0.3333333333333333, 'disgust': 0.0, 'joy': 0.0}",-0.5,4.450000000000003,4.334999999999997,7.687262500000003,73.84500000000001,2.4000000000000004,22.666666666666668,3.0,1.0,5.560933333333333,"['yes', 'babies', 'fucking', 'creepy', 'must', 'die']","[('yes', 'babies'), ('babies', 'fucking'), ('fucking', 'creepy'), ('creepy', 'must'), ('must', 'die')]","[('yes', 'babies', 'fucking'), ('babies', 'fucking', 'creepy'), ('fucking', 'creepy', 'must'), ('creepy', 'must', 'die')]","['yes', 'baby', 'fuck', 'creepy', 'must', 'die']",-0.1561666666666666,0.4053333333333333,-0.2329999999999999
"I dunno man, do you suck yourself off and then spit the cum into a 120 IQ bride or what?

This is a thought experiment that is the epitome of selfsuck.

How are your kids doing by the way?",Extremely harassing,3,2,2,1,141,know man suck spit cum iq bride thought experiment epitome selfsuck kids way,set(),0,['IQ'],"[('know', 'VB'), ('man', 'NN'), ('suck', 'JJ'), ('spit', 'JJ'), ('cum', 'NN'), ('iq', 'NN'), ('bride', 'NN'), ('thought', 'VBD'), ('experiment', 'JJ'), ('epitome', 'JJ'), ('selfsuck', 'NN'), ('kids', 'NNS'), ('way', 'NN')]","{'suck': ['negative'], 'spit': ['disgust'], 'bride': ['anticipation', 'joy', 'positive', 'trust'], 'thought': ['anticipation'], 'experiment': ['anticipation', 'surprise'], 'epitome': ['positive']}","{'negative': 1, 'disgust': 1, 'anticipation': 3, 'joy': 1, 'positive': 2, 'trust': 1, 'surprise': 1}","[('anticipation', 0.3)]","{'fear': 0.0, 'anger': 0.0, 'anticip': 0.0, 'trust': 0.1, 'surprise': 0.1, 'positive': 0.2, 'negative': 0.1, 'sadness': 0.0, 'disgust': 0.1, 'joy': 0.1, 'anticipation': 0.3}",0.0,6.726153846153846,8.25769230769231,10.87021015384616,69.99384615384618,11.353846153846156,43.76923076923077,10.745966692414834,4.0,7.932492307692308,"['know', 'man', 'suck', 'spit', 'cum', 'iq', 'bride', 'thought', 'experiment', 'epitome', 'selfsuck', 'kids', 'way']","[('know', 'man'), ('man', 'suck'), ('suck', 'spit'), ('spit', 'cum'), ('cum', 'iq'), ('iq', 'bride'), ('bride', 'thought'), ('thought', 'experiment'), ('experiment', 'epitome'), ('epitome', 'selfsuck'), ('selfsuck', 'kids'), ('kids', 'way')]","[('know', 'man', 'suck'), ('man', 'suck', 'spit'), ('suck', 'spit', 'cum'), ('spit', 'cum', 'iq'), ('cum', 'iq', 'bride'), ('iq', 'bride', 'thought'), ('bride', 'thought', 'experiment'), ('thought', 'experiment', 'epitome'), ('experiment', 'epitome', 'selfsuck'), ('epitome', 'selfsuck', 'kids'), ('selfsuck', 'kids', 'way')]","['know', 'man', 'suck', 'spit', 'cum', 'iq', 'bride', 'think', 'experiment', 'epitome', 'selfsuck', 'kid', 'way']",0.152,0.0288888888888888,0.0768888888888888
"Bernie is old as shit, he’s going to retire soon, yet he still tows the party line. He’s on his way out; he should be calling out the party, yet he won’t. Fucking pathetic.",Extremely harassing,3,2,3,1,142,bernie old shit going retire soon yet still tows party line way calling party yet fucking pathetic,set(),0,[],"[('bernie', 'NN'), ('old', 'JJ'), ('shit', 'NN'), ('going', 'VBG'), ('retire', 'NN'), ('soon', 'RB'), ('yet', 'RB'), ('still', 'RB'), ('tows', 'VBZ'), ('party', 'NN'), ('line', 'NN'), ('way', 'NN'), ('calling', 'VBG'), ('party', 'NN'), ('yet', 'RB'), ('fucking', 'VBG'), ('pathetic', 'JJ')]","{'shit': ['anger', 'disgust', 'negative'], 'pathetic': ['disgust', 'negative', 'sadness']}","{'anger': 1, 'disgust': 2, 'negative': 2, 'sadness': 1}","[('negative', 0.3333333333333333), ('disgust', 0.3333333333333333)]","{'fear': 0.0, 'anger': 0.16666666666666666, 'anticip': 0.0, 'trust': 0.0, 'surprise': 0.0, 'positive': 0.0, 'negative': 0.3333333333333333, 'sadness': 0.16666666666666666, 'disgust': 0.3333333333333333, 'joy': 0.0}",-0.3666666666666667,8.39294117647059,9.788823529411763,10.820402,65.16823529411766,9.15294117647059,34.64705882352941,8.477225575051662,3.0,6.416141176470589,"['bernie', 'old', 'shit', 'going', 'retire', 'soon', 'yet', 'still', 'tows', 'party', 'line', 'way', 'calling', 'party', 'yet', 'fucking', 'pathetic']","[('bernie', 'old'), ('old', 'shit'), ('shit', 'going'), ('going', 'retire'), ('retire', 'soon'), ('soon', 'yet'), ('yet', 'still'), ('still', 'tows'), ('tows', 'party'), ('party', 'line'), ('line', 'way'), ('way', 'calling'), ('calling', 'party'), ('party', 'yet'), ('yet', 'fucking'), ('fucking', 'pathetic')]","[('bernie', 'old', 'shit'), ('old', 'shit', 'going'), ('shit', 'going', 'retire'), ('going', 'retire', 'soon'), ('retire', 'soon', 'yet'), ('soon', 'yet', 'still'), ('yet', 'still', 'tows'), ('still', 'tows', 'party'), ('tows', 'party', 'line'), ('party', 'line', 'way'), ('line', 'way', 'calling'), ('way', 'calling', 'party'), ('calling', 'party', 'yet'), ('party', 'yet', 'fucking'), ('yet', 'fucking', 'pathetic')]","['bernie', 'old', 'shit', 'go', 'retire', 'soon', 'yet', 'still', 'tow', 'party', 'line', 'way', 'call', 'party', 'yet', 'fuck', 'pathetic']",-0.1208181818181818,0.0717272727272727,-0.2044545454545454
And you slit it's throat when the animals live do fuck off,Extremely harassing,3,2,1,0,145,slit throat animals live fuck,set(),0,[],"[('slit', 'NN'), ('throat', 'NN'), ('animals', 'NNS'), ('live', 'VBP'), ('fuck', 'NN')]",{},{},"[('fear', 0.0), ('anger', 0.0), ('anticip', 0.0), ('trust', 0.0), ('surprise', 0.0), ('positive', 0.0), ('negative', 0.0), ('sadness', 0.0), ('disgust', 0.0), ('joy', 0.0)]","{'fear': 0.0, 'anger': 0.0, 'anticip': 0.0, 'trust': 0.0, 'surprise': 0.0, 'positive': 0.0, 'negative': 0.0, 'sadness': 0.0, 'disgust': 0.0, 'joy': 0.0}",-0.1318181818181818,2.879999999999999,4.620000000000001,7.680995000000003,83.32000000000002,10.0,25.0,8.477225575051662,1.0,6.564000000000001,"['slit', 'throat', 'animals', 'live', 'fuck']","[('slit', 'throat'), ('throat', 'animals'), ('animals', 'live'), ('live', 'fuck')]","[('slit', 'throat', 'animals'), ('throat', 'animals', 'live'), ('animals', 'live', 'fuck')]","['slit', 'throat', 'animal', 'live', 'fuck']",0.0906666666666666,0.1339999999999999,-0.0746666666666667
Like you wouldn't pass up the chance to fuck Shrek.,Extremely harassing,3,2,2,1,149,like would pass chance fuck shrek,set(),0,[],"[('like', 'IN'), ('would', 'MD'), ('pass', 'VB'), ('chance', 'NN'), ('fuck', 'NN'), ('shrek', 'NN')]",{'chance': ['surprise']},{'surprise': 1},"[('surprise', 1.0)]","{'fear': 0.0, 'anger': 0.0, 'anticip': 0.0, 'trust': 0.0, 'surprise': 1.0, 'positive': 0.0, 'negative': 0.0, 'sadness': 0.0, 'disgust': 0.0, 'joy': 0.0}",-0.4,-1.4499999999999993,3.5500000000000007,6.707287333333337,116.145,2.4000000000000004,6.0,3.0,0.0,5.560933333333333,"['like', 'would', 'pass', 'chance', 'fuck', 'shrek']","[('like', 'would'), ('would', 'pass'), ('pass', 'chance'), ('chance', 'fuck'), ('fuck', 'shrek')]","[('like', 'would', 'pass'), ('would', 'pass', 'chance'), ('pass', 'chance', 'fuck'), ('chance', 'fuck', 'shrek')]","['like', 'would', 'pas', 'chance', 'fuck', 'shrek']",0.2775,-0.18,-0.12
Mentally ill pieces of shit.,Extremely harassing,3,2,1,0,155,mentally ill pieces shit,set(),0,[],"[('mentally', 'RB'), ('ill', 'JJ'), ('pieces', 'NNS'), ('shit', 'VBD')]","{'ill': ['anger', 'disgust', 'fear', 'negative', 'sadness'], 'shit': ['anger', 'disgust', 'negative']}","{'anger': 2, 'disgust': 2, 'fear': 1, 'negative': 2, 'sadness': 1}","[('anger', 0.25), ('negative', 0.25), ('disgust', 0.25)]","{'fear': 0.125, 'anger': 0.25, 'anticip': 0.0, 'trust': 0.0, 'surprise': 0.0, 'positive': 0.0, 'negative': 0.25, 'sadness': 0.125, 'disgust': 0.25, 'joy': 0.0}",-0.35,6.620000000000001,5.297499999999999,7.671593749999999,54.72500000000002,11.6,29.0,8.477225575051662,1.0,12.0409,"['mentally', 'ill', 'pieces', 'shit']","[('mentally', 'ill'), ('ill', 'pieces'), ('pieces', 'shit')]","[('mentally', 'ill', 'pieces'), ('ill', 'pieces', 'shit')]","['mentally', 'ill', 'piece', 'shit']",-0.879,0.1295,-0.475
Lil bastard shouldnt have been poppin off at the mouth with all that shit,Extremely harassing,3,2,1,1,156,lil bastard poppin mouth shit,set(),0,[],"[('lil', 'RB'), ('bastard', 'RB'), ('poppin', 'NN'), ('mouth', 'NN'), ('shit', 'NN')]","{'bastard': ['disgust', 'negative', 'sadness'], 'mouth': ['surprise'], 'shit': ['anger', 'disgust', 'negative']}","{'disgust': 2, 'negative': 2, 'sadness': 1, 'surprise': 1, 'anger': 1}","[('negative', 0.2857142857142857), ('disgust', 0.2857142857142857)]","{'fear': 0.0, 'anger': 0.14285714285714285, 'anticip': 0.0, 'trust': 0.0, 'surprise': 0.14285714285714285, 'positive': 0.0, 'negative': 0.2857142857142857, 'sadness': 0.14285714285714285, 'disgust': 0.2857142857142857, 'joy': 0.0}",-0.2,2.879999999999999,4.620000000000001,7.680995000000003,83.32000000000002,2.0,25.0,3.0,1.0,12.88,"['lil', 'bastard', 'poppin', 'mouth', 'shit']","[('lil', 'bastard'), ('bastard', 'poppin'), ('poppin', 'mouth'), ('mouth', 'shit')]","[('lil', 'bastard', 'poppin'), ('bastard', 'poppin', 'mouth'), ('poppin', 'mouth', 'shit')]","['lil', 'bastard', 'poppin', 'mouth', 'shit']",-0.303,0.14925,-0.17775
The pictures look like nagants or mausere. Utter retards,Extremely harassing,3,2,1,1,156,pictures look like nagants mausere utter retards,set(),0,[],"[('pictures', 'NNS'), ('look', 'VBP'), ('like', 'IN'), ('nagants', 'NNS'), ('mausere', 'RB'), ('utter', 'JJ'), ('retards', 'NNS')]",{},{},"[('fear', 0.0), ('anger', 0.0), ('anticip', 0.0), ('trust', 0.0), ('surprise', 0.0), ('positive', 0.0), ('negative', 0.0), ('sadness', 0.0), ('disgust', 0.0), ('joy', 0.0)]","{'fear': 0.0, 'anger': 0.0, 'anticip': 0.0, 'trust': 0.0, 'surprise': 0.0, 'positive': 0.0, 'negative': 0.0, 'sadness': 0.0, 'disgust': 0.0, 'joy': 0.0}",-0.45,9.054285714285715,10.329999999999998,15.251547714285714,42.61571428571431,8.514285714285714,64.14285714285714,8.477225575051662,4.0,11.625771428571433,"['pictures', 'look', 'like', 'nagants', 'mausere', 'utter', 'retards']","[('pictures', 'look'), ('look', 'like'), ('like', 'nagants'), ('nagants', 'mausere'), ('mausere', 'utter'), ('utter', 'retards')]","[('pictures', 'look', 'like'), ('look', 'like', 'nagants'), ('like', 'nagants', 'mausere'), ('nagants', 'mausere', 'utter'), ('mausere', 'utter', 'retards')]","['picture', 'look', 'like', 'nagants', 'mausere', 'utter', 'retard']",0.166,-0.1992,-0.0851999999999999
Even if he was just standing there he was wearing a MAGA hat and attending an anti-abortion rally so eithrr way he's a racist piece of shit.,Extremely harassing,3,2,1,0,163,even standing wearing maga hat attending anti-abortion rally eithrr way racist piece shit,set(),0,['MAGA'],"[('even', 'RB'), ('standing', 'VBG'), ('wearing', 'VBG'), ('maga', 'NN'), ('hat', 'NN'), ('attending', 'VBG'), ('anti-abortion', 'JJ'), ('rally', 'NN'), ('eithrr', 'JJ'), ('way', 'NN'), ('racist', 'NN'), ('piece', 'NN'), ('shit', 'NN')]","{'standing': ['positive'], 'shit': ['anger', 'disgust', 'negative']}","{'positive': 1, 'anger': 1, 'disgust': 1, 'negative': 1}","[('anger', 0.25), ('positive', 0.25), ('negative', 0.25), ('disgust', 0.25)]","{'fear': 0.0, 'anger': 0.25, 'anticip': 0.0, 'trust': 0.0, 'surprise': 0.0, 'positive': 0.25, 'negative': 0.25, 'sadness': 0.0, 'disgust': 0.25, 'joy': 0.0}",-0.2,10.941428571428574,11.138571428571431,14.005010000000006,41.55357142857145,11.314285714285717,42.57142857142857,10.745966692414834,4.0,11.97297142857143,"['even', 'standing', 'wearing', 'maga', 'hat', 'attending', 'anti', 'abortion', 'rally', 'eithrr', 'way', 'racist', 'piece', 'shit']","[('even', 'standing'), ('standing', 'wearing'), ('wearing', 'maga'), ('maga', 'hat'), ('hat', 'attending'), ('attending', 'anti'), ('anti', 'abortion'), ('abortion', 'rally'), ('rally', 'eithrr'), ('eithrr', 'way'), ('way', 'racist'), ('racist', 'piece'), ('piece', 'shit')]","[('even', 'standing', 'wearing'), ('standing', 'wearing', 'maga'), ('wearing', 'maga', 'hat'), ('maga', 'hat', 'attending'), ('hat', 'attending', 'anti'), ('attending', 'anti', 'abortion'), ('anti', 'abortion', 'rally'), ('abortion', 'rally', 'eithrr'), ('rally', 'eithrr', 'way'), ('eithrr', 'way', 'racist'), ('way', 'racist', 'piece'), ('racist', 'piece', 'shit')]","['even', 'stand', 'wear', 'maga', 'hat', 'attend', 'anti', 'abortion', 'rally', 'eithrr', 'way', 'racist', 'piece', 'shit']",-0.18,-0.0561,-0.1973999999999999
Bend the knee you pussies.,Extremely harassing,3,2,1,0,163,bend knee pussies,set(),0,[],"[('bend', 'NN'), ('knee', 'NN'), ('pussies', 'NNS')]",{},{},"[('fear', 0.0), ('anger', 0.0), ('anticip', 0.0), ('trust', 0.0), ('surprise', 0.0), ('positive', 0.0), ('negative', 0.0), ('sadness', 0.0), ('disgust', 0.0), ('joy', 0.0)]","{'fear': 0.0, 'anger': 0.0, 'anticip': 0.0, 'trust': 0.0, 'surprise': 0.0, 'positive': 0.0, 'negative': 0.0, 'sadness': 0.0, 'disgust': 0.0, 'joy': 0.0}",0.0,1.313333333333336,3.620000000000001,3.736024333333333,90.99000000000002,1.2000000000000002,36.333333333333336,3.0,1.0,5.412133333333332,"['bend', 'knee', 'pussies']","[('bend', 'knee'), ('knee', 'pussies')]","[('bend', 'knee', 'pussies')]","['bend', 'knee', 'pussy']",-0.074,0.0126666666666666,-0.4743333333333333
What's that video of the cop shooting his own undercover officer then whales like the fucking man child he is. Shit is hilarious,Extremely harassing,3,2,1,0,163,video cop shooting undercover officer whales like fucking man child shit hilarious,set(),0,[],"[('video', 'NN'), ('cop', 'NN'), ('shooting', 'VBG'), ('undercover', 'JJ'), ('officer', 'NN'), ('whales', 'NNS'), ('like', 'IN'), ('fucking', 'VBG'), ('man', 'NN'), ('child', 'NN'), ('shit', 'VBD'), ('hilarious', 'JJ')]","{'cop': ['fear', 'trust'], 'shooting': ['anger', 'fear', 'negative'], 'officer': ['positive', 'trust'], 'child': ['anticipation', 'joy', 'positive'], 'shit': ['anger', 'disgust', 'negative'], 'hilarious': ['joy', 'positive', 'surprise']}","{'fear': 2, 'trust': 2, 'anger': 2, 'negative': 2, 'positive': 3, 'anticipation': 1, 'joy': 2, 'disgust': 1, 'surprise': 1}","[('positive', 0.1875)]","{'fear': 0.125, 'anger': 0.125, 'anticip': 0.0, 'trust': 0.125, 'surprise': 0.0625, 'positive': 0.1875, 'negative': 0.125, 'sadness': 0.0, 'disgust': 0.0625, 'joy': 0.125, 'anticipation': 0.0625}",-0.1,12.69,12.4375,16.522707750000002,25.45500000000002,14.8,53.66666666666666,12.486832980505138,5.0,11.121866666666666,"['video', 'cop', 'shooting', 'undercover', 'officer', 'whales', 'like', 'fucking', 'man', 'child', 'shit', 'hilarious']","[('video', 'cop'), ('cop', 'shooting'), ('shooting', 'undercover'), ('undercover', 'officer'), ('officer', 'whales'), ('whales', 'like'), ('like', 'fucking'), ('fucking', 'man'), ('man', 'child'), ('child', 'shit'), ('shit', 'hilarious')]","[('video', 'cop', 'shooting'), ('cop', 'shooting', 'undercover'), ('shooting', 'undercover', 'officer'), ('undercover', 'officer', 'whales'), ('officer', 'whales', 'like'), ('whales', 'like', 'fucking'), ('like', 'fucking', 'man'), ('fucking', 'man', 'child'), ('man', 'child', 'shit'), ('child', 'shit', 'hilarious')]","['video', 'cop', 'shoot', 'undercover', 'officer', 'whale', 'like', 'fuck', 'man', 'child', 'shit', 'hilarious']",-0.1356,0.2683,0.0507999999999999
"Get bent, faggot",Extremely harassing,3,2,1,0,163,get bent faggot,set(),0,[],"[('get', 'VB'), ('bent', 'JJ'), ('faggot', 'NN')]",{},{},"[('fear', 0.0), ('anger', 0.0), ('anticip', 0.0), ('trust', 0.0), ('surprise', 0.0), ('positive', 0.0), ('negative', 0.0), ('sadness', 0.0), ('disgust', 0.0), ('joy', 0.0)]","{'fear': 0.0, 'anger': 0.0, 'anticip': 0.0, 'trust': 0.0, 'surprise': 0.0, 'positive': 0.0, 'negative': 0.0, 'sadness': 0.0, 'disgust': 0.0, 'joy': 0.0}",0.0,1.313333333333336,0.4800000000000004,-0.1838763333333322,90.99000000000002,1.2000000000000002,3.0,3.0,0.0,5.412133333333332,"['get', 'bent', 'faggot']","[('get', 'bent'), ('bent', 'faggot')]","[('get', 'bent', 'faggot')]","['get', 'bend', 'faggot']",-0.376,0.122,-0.286
"&gt;actually a chad IRL 

Either your flair is lying or you're lying now. 

Either way I'm gonna hunt you down and fuck your ass",Extremely harassing,3,2,1,1,170,actually chad irl either flair lying lying either way going hunt fuck ass,set(),0,['IRL'],"[('actually', 'RB'), ('chad', 'VBN'), ('irl', 'NN'), ('either', 'CC'), ('flair', 'NN'), ('lying', 'VBG'), ('lying', 'VBG'), ('either', 'DT'), ('way', 'NN'), ('going', 'VBG'), ('hunt', 'JJ'), ('fuck', 'JJ'), ('ass', 'NN')]","{'lying': ['anger', 'disgust', 'negative'], 'ass': ['negative']}","{'anger': 2, 'disgust': 2, 'negative': 3}","[('negative', 0.42857142857142855)]","{'fear': 0.0, 'anger': 0.2857142857142857, 'anticip': 0.0, 'trust': 0.0, 'surprise': 0.0, 'positive': 0.0, 'negative': 0.42857142857142855, 'sadness': 0.0, 'disgust': 0.2857142857142857, 'joy': 0.0}",-0.2,4.91076923076923,7.170769230769231,9.513321461538467,83.0092307692308,8.276923076923078,20.692307692307693,8.477225575051662,1.0,7.932492307692308,"['actually', 'chad', 'irl', 'either', 'flair', 'lying', 'lying', 'either', 'way', 'going', 'hunt', 'fuck', 'ass']","[('actually', 'chad'), ('chad', 'irl'), ('irl', 'either'), ('either', 'flair'), ('flair', 'lying'), ('lying', 'lying'), ('lying', 'either'), ('either', 'way'), ('way', 'going'), ('going', 'hunt'), ('hunt', 'fuck'), ('fuck', 'ass')]","[('actually', 'chad', 'irl'), ('chad', 'irl', 'either'), ('irl', 'either', 'flair'), ('either', 'flair', 'lying'), ('flair', 'lying', 'lying'), ('lying', 'lying', 'either'), ('lying', 'either', 'way'), ('either', 'way', 'going'), ('way', 'going', 'hunt'), ('going', 'hunt', 'fuck'), ('hunt', 'fuck', 'ass')]","['actually', 'chad', 'irl', 'either', 'flair', 'lie', 'lie', 'either', 'way', 'go', 'hunt', 'fuck', 'as']",-0.1222857142857142,0.1634285714285714,-0.042
Yes babies are fucking creepy they all must die,Extremely harassing,3,2,1,0,172,yes babies fucking creepy must die,set(),0,[],"[('yes', 'UH'), ('babies', 'NNS'), ('fucking', 'VBG'), ('creepy', 'NN'), ('must', 'MD'), ('die', 'VB')]","{'die': ['fear', 'negative', 'sadness']}","{'fear': 1, 'negative': 1, 'sadness': 1}","[('fear', 0.3333333333333333), ('negative', 0.3333333333333333), ('sadness', 0.3333333333333333)]","{'fear': 0.3333333333333333, 'anger': 0.0, 'anticip': 0.0, 'trust': 0.0, 'surprise': 0.0, 'positive': 0.0, 'negative': 0.3333333333333333, 'sadness': 0.3333333333333333, 'disgust': 0.0, 'joy': 0.0}",-0.5,4.450000000000003,4.334999999999997,7.687262500000003,73.84500000000001,2.4000000000000004,22.666666666666668,3.0,1.0,5.560933333333333,"['yes', 'babies', 'fucking', 'creepy', 'must', 'die']","[('yes', 'babies'), ('babies', 'fucking'), ('fucking', 'creepy'), ('creepy', 'must'), ('must', 'die')]","[('yes', 'babies', 'fucking'), ('babies', 'fucking', 'creepy'), ('fucking', 'creepy', 'must'), ('creepy', 'must', 'die')]","['yes', 'baby', 'fuck', 'creepy', 'must', 'die']",-0.1561666666666666,0.4053333333333333,-0.2329999999999999
"I'm just here to complain about the title.

...and yeah, I endorse the sentiments of the tweet. If you can't tell family to fuck off with racisms, who can you tell?",Extremely harassing,3,2,1,0,207,complain title yeah endorse sentiments tweet cannot tell family fuck racisms tell,set(),0,[],"[('complain', 'NN'), ('title', 'NN'), ('yeah', 'NN'), ('endorse', 'NN'), ('sentiments', 'NNS'), ('tweet', 'NN'), ('can', 'MD'), ('not', 'RB'), ('tell', 'VB'), ('family', 'NN'), ('fuck', 'JJ'), ('racisms', 'NNS'), ('tell', 'VBP')]","{'complain': ['anger', 'negative', 'sadness'], 'title': ['positive', 'trust']}","{'anger': 1, 'negative': 1, 'sadness': 1, 'positive': 1, 'trust': 1}","[('anger', 0.2), ('trust', 0.2), ('positive', 0.2), ('negative', 0.2), ('sadness', 0.2)]","{'fear': 0.0, 'anger': 0.2, 'anticip': 0.0, 'trust': 0.2, 'surprise': 0.0, 'positive': 0.2, 'negative': 0.2, 'sadness': 0.2, 'disgust': 0.0, 'joy': 0.0}",-0.4,8.756666666666668,12.044999999999996,16.03272016666667,53.65500000000001,11.466666666666669,45.333333333333336,10.745966692414834,4.0,9.806033333333335,"['complain', 'title', 'yeah', 'endorse', 'sentiments', 'tweet', 'cannot', 'tell', 'family', 'fuck', 'racisms', 'tell']","[('complain', 'title'), ('title', 'yeah'), ('yeah', 'endorse'), ('endorse', 'sentiments'), ('sentiments', 'tweet'), ('tweet', 'cannot'), ('cannot', 'tell'), ('tell', 'family'), ('family', 'fuck'), ('fuck', 'racisms'), ('racisms', 'tell')]","[('complain', 'title', 'yeah'), ('title', 'yeah', 'endorse'), ('yeah', 'endorse', 'sentiments'), ('endorse', 'sentiments', 'tweet'), ('sentiments', 'tweet', 'cannot'), ('tweet', 'cannot', 'tell'), ('cannot', 'tell', 'family'), ('tell', 'family', 'fuck'), ('family', 'fuck', 'racisms'), ('fuck', 'racisms', 'tell')]","['complain', 'title', 'yeah', 'endorse', 'sentiment', 'tweet', 'cannot', 'tell', 'family', 'fuck', 'racism', 'tell']",0.12275,-0.15925,-0.039
"#ALL COPS ARE BASTARDS

Don't you bootlick them",Extremely harassing,3,2,1,0,211,cops bastards bootlick,set(),0,"['#ALL', 'COPS', 'ARE', 'BASTARDS']","[('cops', 'NNS'), ('bastards', 'NNS'), ('bootlick', 'NN')]",{},{},"[('fear', 0.0), ('anger', 0.0), ('anticip', 0.0), ('trust', 0.0), ('surprise', 0.0), ('positive', 0.0), ('negative', 0.0), ('sadness', 0.0), ('disgust', 0.0), ('joy', 0.0)]","{'fear': 0.0, 'anger': 0.0, 'anticip': 0.0, 'trust': 0.0, 'surprise': 0.0, 'positive': 0.0, 'negative': 0.0, 'sadness': 0.0, 'disgust': 0.0, 'joy': 0.0}",0.0,5.246666666666666,11.470000000000006,13.535776000000006,62.790000000000006,1.2000000000000002,69.66666666666667,3.0,2.0,15.9388,"['cops', 'bastards', 'bootlick']","[('cops', 'bastards'), ('bastards', 'bootlick')]","[('cops', 'bastards', 'bootlick')]","['cop', 'bastard', 'bootlick']",-0.918,0.5135000000000001,-0.578
